building_id,site_id,primaryspaceusage,sqft,yearbuilt,eui,total_kwh_2yr,annual_kwh,calculated_eui
Panther_education_Rosalie,Panther,Education,7432.0,2008.0,276,919500.2993,459750.14965,61.8608920411733
Panther_education_Misty,Panther,Education,2720.0,2004.0,375,477666.4819,238833.24095,87.80633858455883
Panther_education_Mattie,Panther,Education,5376.0,1991.0,49,94679.0223,47339.51115,8.80571263950893
Panther_education_Diann,Panther,Education,23685.0,2002.0,145,1268351.5141,634175.75705,26.775417228203505
Panther_education_Gina,Panther,Education,116607.0,1975.0,546,5915433.2385,2957716.61925,25.36482903470632
Panther_education_Tina,Panther,Education,8000.0,2000.0,41,106685.2761,53342.63805,6.66782975625
Panther_lodging_Russell,Panther,Lodging/residential,27926.0,1981.0,58,513574.8238,256787.4119,9.195280809997852
Panther_education_Vincent,Panther,Education,121074.0,1989.0,128,2148414.3031,1074207.15155,8.872319007796886
Panther_education_Shelton,Panther,Education,60809.0,2003.0,133,1728052.3323,864026.16615,14.208853395878899
Panther_office_Karla,Panther,Office,27000.0,2010.0,120,500557.1085,250278.55425,9.269576083333332
Panther_assembly_Denice,Panther,Entertainment/public assembly,370773.0,1991.0,134,6698338.8404,3349169.4202,9.03293772793596
Panther_education_Sophia,Panther,Education,49073.0,1968.0,466,2004997.6164,1002498.8082,20.428724720314634
Panther_lodging_Willa,Panther,Lodging/residential,37100.0,1999.0,162,1003723.9106,501861.9553,13.527276423180592
Panther_education_Annetta,Panther,Education,99380.0,2000.0,95,1527556.9973,763778.49865,7.685434681525457
Panther_education_Aurora,Panther,Education,86250.0,2013.0,136,1761225.5771,880612.78855,10.210003345507246
Panther_office_Graham,Panther,Office,83957.0,1974.0,104,1049421.8359,524710.91795,6.24975782781662
Panther_education_Karri,Panther,Education,54644.0,1996.0,436,5361659.2937,2680829.64685,49.05990862400264
Panther_office_Valarie,Panther,Office,15250.0,1980.0,204,477813.1904,238906.5952,15.666006242622952
Panther_education_Hugh,Panther,Education,111891.0,1996.0,495,8526077.0886,4263038.5443,38.099923535405
Panther_office_Larry,Panther,Office,18717.0,2004.0,173,741876.3191,370938.15955,19.818248626916706
Panther_education_Mohammad,Panther,Education,110272.0,1977.0,199,2101879.7845,1050939.89225,9.5304328592027
Panther_office_Jeane,Panther,Office,7043.0,1990.0,86,292190.24,146095.12,20.743308249325572
Panther_education_Jonathan,Panther,Education,3569.0,1996.0,66,113448.4012,56724.2006,15.89358380498739
Panther_education_Genevieve,Panther,Education,130885.0,1985.0,151,3625280.2729,1812640.13645,13.849105217939414
Panther_education_Alecia,Panther,Education,105545.0,2001.0,186,3226352.6002,1613176.3001,15.284251268179451
Panther_office_Jesus,Panther,Office,103286.0,1969.0,28,1411409.8183,705704.90915,6.8325320871173245
Panther_office_Catherine,Panther,Office,26953.0,2005.0,162,626769.1322,313384.5661,11.627075505509591
Panther_lodging_Awilda,Panther,Lodging/residential,59200.0,1999.0,125,1269728.4447,634864.22235,10.724057809966217
Panther_office_Garth,Panther,Office,52957.0,2016.0,73,896716.0508,448358.0254,8.46645439507525
Panther_education_Teofila,Panther,Education,93897.0,1999.0,146,2214935.835,1107467.9175,11.794497348158087
Panther_education_Ivan,Panther,Education,61904.0,2001.0,202,1865183.7087,932591.85435,15.065130756493927
Panther_office_Shauna,Panther,Office,48392.0,2005.0,165,1361645.0411,680822.52055,14.068906442180525
Panther_lodging_Hattie,Panther,Lodging/residential,38686.0,2002.0,325,1990241.4206,995120.7103,25.72301892932844
Panther_lodging_Jana,Panther,Lodging/residential,42731.0,2002.0,70,1180066.5819,590033.29095,13.808085253094944
Panther_lodging_Teresita,Panther,Lodging/residential,41617.0,2002.0,61,940577.1961000001,470288.59805000003,11.300396425739482
Panther_lodging_Cornelia,Panther,Lodging/residential,53130.0,2002.0,35,604306.9676,302153.4838,5.687059736495389
Panther_lodging_Tracie,Panther,Lodging/residential,53130.0,2002.0,43,803861.8261,401930.91305,7.565046358930924
Panther_office_Lois,Panther,Office,12769.0,2013.0,368,2082698.8239,1041349.41195,81.55293382018952
Panther_office_Taryn,Panther,Office,64619.0,1969.0,118,1317841.3366,658920.6683,10.197011224252929
Panther_assembly_David,Panther,Entertainment/public assembly,26944.0,2001.0,113,997636.1273,498818.06365,18.513140723352137
Panther_office_Kristen,Panther,Office,93860.0,1968.0,562,734785.7728,367392.8864,3.914264717664607
Panther_other_Lucina,Panther,Other,226506.0,1968.0,176,5164543.9858,2582271.9929,11.400457351681633
Panther_retail_Kristina,Panther,Retail,59071.0,1980.0,125,454405.2181,227202.60905,3.8462631248836145
Panther_retail_Rachel,Panther,Retail,283.0,1985.0,352,49317.4423,24658.72115,87.13329028268552
Panther_retail_Lester,Panther,Retail,9045.0,2016.0,167,90682.6119,45341.30595,5.012858590381426
Panther_retail_Felix,Panther,Retail,31666.0,2008.0,160,1692163.9231,846081.96155,26.718940237162887
Panther_other_Tyrone,Panther,Other,9569.0,1989.0,85,375164.986,187582.493,19.603144842721285
Panther_lodging_Myrtle,Panther,Lodging/residential,24456.0,1968.0,204,748007.6975,374003.84875,15.292928064687603
Panther_other_Bettie,Panther,Other,4698.0,1981.0,"2,544",199627.4675,99813.73375,21.246005481055768
Panther_parking_Asia,Panther,Parking,387638.0,2014.0,3,380916.6937,190458.34685,0.4913304341937581
Panther_education_Edna,Panther,Education,106523.0,1970.0,168,1832170.419,916085.2095,8.599881804868431
Panther_office_Christian,Panther,Office,16726.0,2011.0,177,490008.829,245004.4145,14.648117571445654
Panther_lodging_Alita,Panther,Lodging/residential,60088.0,2013.0,63,1026649.1748,513324.5874,8.542880232325922
Panther_lodging_Edison,Panther,Lodging/residential,65359.0,2013.0,75,1469180.8403,734590.42015,11.23931547529797
Panther_lodging_Sonja,Panther,Lodging/residential,83379.0,2013.0,65,1604783.444,802391.722,9.623427025989757
Panther_assembly_Pamella,Panther,Entertainment/public assembly,81337.0,2005.0,18,1176969.9639,588484.98195,7.235144914983342
Panther_education_Neal,Panther,Education,81576.0,1997.0,181,3378833.835,1689416.9175,20.709729791850545
Panther_lodging_Blaine,Panther,Lodging/residential,38686.0,2001.0,299,1070689.9692,535344.9846,13.838209807165383
Panther_lodging_Floyd,Panther,Lodging/residential,42731.0,2001.0,116,2232532.703,1116266.3515,26.123103870726172
Panther_lodging_Jorge,Panther,Lodging/residential,41617.0,2001.0,61,946264.1484,473132.0742,11.368721296585528
Panther_lodging_Edmond,Panther,Lodging/residential,53130.0,2001.0,38,619059.098,309529.549,5.825890250329381
Panther_lodging_Kaitlin,Panther,Lodging/residential,53130.0,2001.0,39,691270.0068,345635.0034,6.505458373800113
Panther_lodging_Fausto,Panther,Lodging/residential,37241.0,1981.0,76,709852.8989,354926.44945,9.530529509143149
Panther_lodging_Janice,Panther,Lodging/residential,24456.0,1968.0,293,782086.3783,391043.18915,15.989662624713771
Panther_parking_Charlene,Panther,Parking,487433.0,2007.0,3,601551.4083,300775.70415,0.6170606096632768
Panther_parking_Jody,Panther,Parking,387638.0,2000.0,9,417327.737,208663.8685,0.5382956998539875
Panther_parking_Stanley,Panther,Parking,387638.0,1998.0,5,611380.9121,305690.45605,0.7885977537031973
Panther_parking_Adela,Panther,Parking,387638.0,2002.0,11,650135.6389,325067.81945,0.8385860505162033
Panther_parking_Alaina,Panther,Parking,387638.0,1997.0,3,528264.6107,264132.30535,0.681389093303546
Panther_education_Zelda,Panther,Education,80942.0,2010.0,92,1169945.0074,584972.5037,7.227057691927553
Panther_education_Jerome,Panther,Education,128887.0,2009.0,515,6875540.5191,3437770.25955,26.672746355722456
Panther_lodging_Anastasia,Panther,Lodging/residential,24456.0,1968.0,247,730342.611,365171.3055,14.931767480372915
Panther_education_Enriqueta,Panther,Education,76257.0,2007.0,90,1371570.4545,685785.22725,8.993079025532083
Panther_office_Lauretta,Panther,Office,36240.0,2010.0,178,2447773.1254,1223886.5627,33.77170426876379
Panther_office_Patti,Panther,Office,156111.0,2001.0,124,6702043.4541,3351021.72705,21.465634881910947
Panther_other_Bethel,Panther,Other,3025.0,1979.0,"1,284",58877.54,29438.77,9.73182479338843
Panther_office_Brent,Panther,Office,10743.0,1974.0,100,189455.9593,94727.97965,8.817646807223309
Panther_other_Lula,Panther,Other,2070.0,1996.0,21,18355.2892,9177.6446,4.433644734299516
Panther_office_Hannah,Panther,Office,4038.0,1986.0,64,94604.4537,47302.22685,11.714271136701337
Panther_lodging_Else,Panther,Lodging/residential,37241.0,1981.0,77,624770.5825,312385.29125,8.388208996804597
Panther_education_Janis,Panther,Education,10932.0,1986.0,67,376610.641,188305.3205,17.225148234540796
Panther_assembly_Carrol,Panther,Entertainment/public assembly,6412.0,2006.0,140,385328.2412,192664.1206,30.047429912663755
Panther_assembly_Gwyneth,Panther,Entertainment/public assembly,76527.0,2007.0,184,3428381.8575,1714190.92875,22.399818740444548
Panther_retail_Romeo,Panther,Retail,161755.0,1996.0,258,6138789.1194,3069394.5597,18.975577630985132
Panther_lodging_Gale,Panther,Lodging/residential,59200.0,1999.0,147,1472618.3493000001,736309.1746500001,12.437654977195947
Panther_education_Emily,Panther,Education,68094.0,2003.0,164,1858562.5423,929281.27115,13.647036025934739
Panther_office_Lavinia,Panther,Office,10779.0,1970.0,101,325087.7277,162543.86385,15.079679362649596
Panther_office_Clementine,Panther,Office,33370.0,1982.0,119,679600.8484,339800.4242,10.182811633203476
Panther_education_Scarlett,Panther,Education,29469.0,1968.0,84,315071.5035,157535.75175,5.345812608164512
Panther_lodging_Kara,Panther,Lodging/residential,200933.0,2006.0,91,2493786.4404,1246893.2202,6.20551736250392
Panther_lodging_Kirk,Panther,Lodging/residential,200933.0,2006.0,70,2177319.614,1088659.807,5.418023953258051
Panther_lodging_Cora,Panther,Lodging/residential,187647.0,2007.0,151,1916829.4453,958414.72265,5.107540875420337
Panther_lodging_Marisol,Panther,Lodging/residential,200933.0,2007.0,78,2317552.6036,1158776.3018,5.766978554045378
Panther_office_Danica,Panther,Office,2260.0,2016.0,79,72172.8983,36086.44915,15.967455376106194
Panther_lodging_Dianna,Panther,Lodging/residential,24456.0,1968.0,298,733096.1922,366548.0961,14.988064119234545
Panther_office_Antonette,Panther,Office,18860.0,1986.0,208,445405.2086,222702.6043,11.808197470837753
Panther_office_Christin,Panther,Office,15876.0,1983.0,64,247239.6838,123619.8419,7.786586161501638
Panther_education_Cleopatra,Panther,Education,21657.0,2016.0,100,378335.1103,189167.55515,8.7347072609318
Panther_office_Ruthie,Panther,Office,45330.0,2003.0,211,1657903.6619,828951.83095,18.28704678910214
Robin_education_Kiera,Robin,Education,50623.0,,,1367790.1833,683895.09165,13.509572558915908
Robin_education_Della,Robin,Education,5374.0,,,55936.6463,27968.32315,5.204377214365463
Robin_education_Lashandra,Robin,Education,97532.0,2005.0,,2931805.4517,1465902.72585,15.029966840114014
Robin_education_Megan,Robin,Education,81580.0,1913.0,,4396266.2131,2198133.10655,26.944509764035306
Robin_education_Mercedes,Robin,Education,56995.0,1953.0,,4475651.963,2237825.9815,39.26354910957102
Robin_education_Derrick,Robin,Education,118338.0,1909.0,,7072368.8566000005,3536184.4283000003,29.882070242018628
Robin_education_Karyl,Robin,Education,32206.0,,,1089992.0198,544996.0099,16.92218871949326
Robin_education_Madeline,Robin,Education,100481.0,1958.0,,6344115.7397,3172057.86985,31.56873309232591
Robin_education_Leslie,Robin,Education,139683.0,1958.0,,15546674.6648,7773337.3324,55.64984523814637
Robin_education_So,Robin,Education,129716.0,1968.0,,8618845.688,4309422.844,33.22198374911344
Robin_education_Jasper,Robin,Education,37265.0,,,2899187.6989,1449593.84945,38.89960685495774
Robin_education_Cecilia,Robin,Education,15489.0,2004.0,,917584.9817,458792.49085,29.62053656465879
Robin_education_Julius,Robin,Education,138316.0,1960.0,,6065762.6021,3032881.30105,21.927190643526416
Robin_education_Margarito,Robin,Education,91149.0,2007.0,,9272596.6002,4636298.3001,50.8650484382714
Robin_education_Zenia,Robin,Education,68211.0,1976.0,,3525793.1099,1762896.55495,25.844754584304585
Robin_education_Derick,Robin,Education,150318.0,1906.0,,9274904.4982,4637452.2491,30.85094432536356
Robin_education_Terrance,Robin,Education,83043.0,1991.0,,4629599.6008,2314799.8004,27.87471310525872
Robin_education_Kristopher,Robin,Education,61204.0,1989.0,,2183783.9029,1091891.95145,17.840205729200708
Robin_education_Billi,Robin,Education,38319.0,1900.0,,665264.0994,332632.0497,8.680603609175604
Robin_education_Takako,Robin,Education,16802.0,1995.0,,2801227.6021,1400613.80105,83.35994530710629
Robin_education_Lizbeth,Robin,Education,21539.0,2004.0,,2133208.2015,1066604.10075,49.51966668601142
Robin_lodging_Donna,Robin,Lodging/residential,27071.0,,,372845.8199,186422.90995,6.886443424698016
Robin_lodging_Renea,Robin,Lodging/residential,102774.0,1956.0,,1576774.2003,788387.10015,7.671075370716329
Robin_lodging_Elmer,Robin,Lodging/residential,102957.0,1968.0,,1643579.7991,821789.89955,7.981874953135775
Robin_lodging_Dorthy,Robin,Lodging/residential,62893.0,1960.0,,544867.9992,272433.9996,4.331706224858092
Robin_lodging_Janie,Robin,Lodging/residential,66661.0,1930.0,,2083935.1663,1041967.58315,15.630842368851352
Robin_lodging_Celia,Robin,Lodging/residential,83108.0,1995.0,,899074.7019,449537.35095,5.4090743484381765
Robin_lodging_Oliva,Robin,Lodging/residential,64723.0,1960.0,,961585.8023,480792.90115,7.428470576920105
Robin_lodging_Pricilla,Robin,Lodging/residential,49589.0,1998.0,,1100058.5981,550029.29905,11.091760250257114
Robin_lodging_Phillip,Robin,Lodging/residential,66532.0,1967.0,,677361.6651,338680.83255,5.090495288733241
Robin_lodging_Armand,Robin,Lodging/residential,56467.0,1960.0,,671191.3559,335595.67795,5.943217772327199
Robin_assembly_Colleen,Robin,Entertainment/public assembly,64024.0,1967.0,,830725.3116,415362.6558,6.487608643633638
Robin_public_Carolina,Robin,Public services,118231.0,,,2462111.7533,1231055.87665,10.412293532576058
Robin_public_Cami,Robin,Public services,56629.0,1900.0,,1235734.7357,617867.36785,10.910794254710485
Robin_office_Shirlene,Robin,Office,50020.0,,,551581.9892,275790.9946,5.513614446221511
Robin_office_Gayle,Robin,Office,44789.0,1919.0,,1037056.5798,518528.2899,11.577134785326754
Robin_office_Dina,Robin,Office,45348.0,,,624981.9862,312490.9931,6.890954244950164
Robin_office_Victor,Robin,Office,40085.0,,,936887.3241,468443.66205,11.686258252463515
Robin_office_Lindsay,Robin,Office,57673.0,,,800721.5012,400360.7506,6.941909569469249
Robin_office_Adolph,Robin,Office,14219.0,,,475108.3479,237554.17395,16.70681299317814
Robin_office_Saul,Robin,Office,31614.0,1956.0,,308459.3073,154229.65365,4.8785238707534635
Robin_office_Donald,Robin,Office,82548.0,1977.0,,2646291.7534,1323145.8767,16.028805988031205
Robin_office_Wai,Robin,Office,174601.0,1960.0,,2917129.3928,1458564.6964,8.353701848213928
Robin_office_Zelma,Robin,Office,81881.0,1960.0,,1929102.0785,964551.03925,11.779912791123705
Robin_office_Antonina,Robin,Office,65657.0,1955.0,,7301443.6013,3650721.80065,55.60293343664804
Robin_office_Serena,Robin,Office,30495.0,1997.0,,905687.5058,452843.7529,14.849770549270373
Robin_office_Soledad,Robin,Office,10301.0,1970.0,,232121.0129,116060.50645,11.266916459567032
Robin_office_Addie,Robin,Office,16092.0,1965.0,,360326.5007,180163.25035,11.195827140815311
Robin_office_Maryann,Robin,Office,34455.0,1907.0,,4056345.7016,2028172.8508,58.86439851400377
Robin_office_Sammie,Robin,Office,51688.0,1930.0,,1444760.957,722380.4785,13.97578700085126
Fox_public_Denny,Fox,Public services,43681.0,2007.0,,2502088.79,1251044.395,28.64047057072869
Fox_office_Susanne,Fox,Office,10135.0,,,309975.39,154987.695,15.292323137641835
Fox_education_Charles,Fox,Education,9788.0,,,277170.74,138585.37,14.158701471189211
Fox_assembly_Kathie,Fox,Entertainment/public assembly,15786.0,,,208234.13,104117.065,6.595531800329406
Fox_education_Kendrick,Fox,Education,11329.0,,,218401.96,109200.98,9.63906611351399
Fox_education_Delma,Fox,Education,98829.0,1968.0,,1618537.49,809268.745,8.188575671108683
Fox_education_Ollie,Fox,Education,72102.0,1970.0,,1893356.28,946678.14,13.129707081634352
Fox_warehouse_Pearl,Fox,Warehouse/storage,12908.0,1979.0,,574308.91,287154.455,22.246239154013015
Fox_warehouse_Lorretta,Fox,Warehouse/storage,3877.0,1975.0,,300153.95,150076.975,38.709562806293526
Fox_lodging_Helen,Fox,Lodging/residential,553210.0,2009.0,,6210345.73,3105172.865,5.613009282189404
Fox_lodging_Stephen,Fox,Lodging/residential,86323.0,1956.0,,1442127.11,721063.555,8.353087300024328
Fox_education_Andre,Fox,Education,183460.0,2005.0,,7974747.1,3987373.55,21.734293851520768
Fox_education_Yolande,Fox,Education,179559.0,2006.0,,9165704.46,4582852.23,25.522821078308525
Fox_retail_Manie,Fox,Retail,45224.0,1982.0,,1133232.23,566616.115,12.529102136033964
Fox_office_Essie,Fox,Office,131797.0,1968.0,,607513.56,303756.78,2.304732125920924
Fox_office_Israel,Fox,Office,121440.0,1983.0,,2127827.91,1063913.955,8.760819787549408
Fox_education_Rosie,Fox,Education,90903.0,,,2261417.86,1130708.93,12.438631618318427
Fox_education_Tonya,Fox,Education,90900.0,,,2980877.85,1490438.925,16.396467821782178
Fox_education_Nilda,Fox,Education,111635.0,1989.0,,2383755.29,1191877.645,10.676558830116003
Fox_education_Kim,Fox,Education,62238.0,1970.0,,1008663.58,504331.79,8.10327757961374
Fox_assembly_Boyce,Fox,Entertainment/public assembly,167066.0,1989.0,,5906785.07,2953392.535,17.67799872505477
Fox_office_Berniece,Fox,Office,23392.0,,,488577.78,244288.89,10.44326650136799
Fox_food_Francesco,Fox,Food sales and service,24867.0,2012.0,,1064972.31,532486.155,21.413365303414164
Fox_education_Maris,Fox,Education,24586.0,,,346537.16000000003,173268.58000000002,7.047448954689662
Fox_education_Elvira,Fox,Education,148829.0,2014.0,,3312681.17,1656340.585,11.1291521477669
Fox_assembly_Jerrod,Fox,Entertainment/public assembly,1022.0,,,30602.47,15301.235,14.9718542074364
Fox_education_Leota,Fox,Education,132518.0,1992.0,,3790000.36,1895000.18,14.299945516835448
Fox_education_Heriberto,Fox,Education,34171.0,,,651032.19,325516.095,9.526092154165813
Fox_education_Miguelina,Fox,Education,84300.0,,,1650593.19,825296.595,9.789995195729537
Fox_religion_Maurice,Fox,Religious worship,1629.0,1948.0,,30212.83,15106.415,9.273428483732351
Fox_education_Sterling,Fox,Education,44203.0,1950.0,,392055.42,196027.71,4.434715064588376
Fox_office_Margarita,Fox,Office,23549.0,1941.0,,332662.77,166331.385,7.06320374538197
Fox_education_Elois,Fox,Education,7481.0,1969.0,,196757.92,98378.96,13.150509290201846
Fox_education_Geoffrey,Fox,Education,137040.0,1957.0,,2106154.85,1053077.425,7.68445289696439
Fox_education_Gayla,Fox,Education,78268.0,1964.0,,1009204.0,504602.0,6.447104819338683
Fox_education_Gloria,Fox,Education,151637.0,1983.0,,11579661.61,5789830.805,38.18217720609086
Fox_office_Molly,Fox,Office,6203.0,1999.0,,126329.18,63164.59,10.182909882315009
Fox_office_Demetrius,Fox,Office,155682.0,,,2150807.27,1075403.635,6.907694113641911
Fox_office_Sheila,Fox,Office,9703.0,1940.0,,163434.57,81717.285,8.421857672884675
Fox_assembly_Cindy,Fox,Entertainment/public assembly,40531.0,,,868402.7,434201.35,10.712821050553897
Fox_public_Rhonda,Fox,Public services,102856.0,,,1891139.54,945569.77,9.193141576573073
Fox_office_Yong,Fox,Office,163959.0,2004.0,,2371114.78,1185557.39,7.230816179654669
Fox_parking_Tommie,Fox,Parking,405083.0,2004.0,,1531707.21,765853.605,1.8906090973948548
Fox_assembly_Emma,Fox,Entertainment/public assembly,143093.0,1964.0,,2994988.69,1497494.345,10.465182398859483
Fox_education_Wendell,Fox,Education,219608.0,1992.0,,9329251.11,4664625.555,21.24069048031037
Fox_lodging_Alana,Fox,Lodging/residential,74682.0,2006.0,,3539301.77,1769650.885,23.695815390589434
Fox_lodging_Wallace,Fox,Lodging/residential,63348.0,2007.0,,6151157.93,3075578.965,48.550529850981874
Fox_lodging_Isabell,Fox,Lodging/residential,30949.0,1951.0,,485773.58,242886.79,7.847968916604737
Fox_lodging_Winifred,Fox,Lodging/residential,60086.0,2001.0,,1474741.81,737370.905,12.271925323702693
Fox_public_Martin,Fox,Public services,345837.0,1966.0,,3223171.15,1611585.575,4.659957075153902
Fox_public_Lauren,Fox,Public services,99700.0,,,2140519.55,1070259.775,10.734802156469406
Fox_health_Lorena,Fox,Healthcare,36904.0,1934.0,,734703.75,367351.875,9.954256313678734
Fox_education_Claude,Fox,Education,193294.0,2006.0,,17011171.46,8505585.73,44.00336135627593
Fox_education_Jaclyn,Fox,Education,71248.0,2004.0,,3380043.64,1690021.82,23.7202703233775
Fox_education_Etta,Fox,Education,48411.0,,,3481669.54,1740834.77,35.95948792629774
Fox_education_Otilia,Fox,Education,327256.0,2012.0,,16323408.21,8161704.105,24.93981502249004
Fox_education_Eldon,Fox,Education,49662.0,1964.0,,3423443.31,1711721.655,34.467432946719825
Fox_education_Janina,Fox,Education,91273.0,1951.0,,2220573.48,1110286.74,12.164459807391014
Fox_lodging_Stephan,Fox,Lodging/residential,36406.0,1940.0,,533782.15,266891.075,7.330963989452289
Fox_education_Long,Fox,Education,137065.0,1964.0,,2580042.33,1290021.165,9.411747455586765
Fox_education_Leona,Fox,Education,282946.0,2003.0,,4756485.43,2378242.715,8.405288341238258
Fox_public_Belle,Fox,Public services,16411.0,,,2113455.9,1056727.95,64.39144171592224
Fox_education_Dominique,Fox,Education,96124.0,1959.0,,3230875.15,1615437.575,16.805767290166866
Fox_education_Theodore,Fox,Education,122592.0,1971.0,,4740957.87,2370478.935,19.336326473179327
Fox_education_Melinda,Fox,Education,204349.0,1993.0,,7149386.81,3574693.405,17.493080000391487
Fox_assembly_Audrey,Fox,Entertainment/public assembly,11935.0,1939.0,,229078.83,114539.415,9.596934645999161
Fox_education_Willis,Fox,Education,261188.0,,,42685650.6,21342825.3,81.7144175842688
Fox_education_Elizabeth,Fox,Education,272278.0,1955.0,,7210045.41,3605022.705,13.240227653354292
Fox_lodging_Angla,Fox,Lodging/residential,216526.0,1967.0,,2066892.51,1033446.255,4.772850627638252
Fox_office_Carson,Fox,Office,74180.0,1930.0,,906837.05,453418.525,6.112409342140739
Fox_assembly_Cecelia,Fox,Entertainment/public assembly,17132.0,1918.0,,293564.97,146782.485,8.56773785897735
Fox_lodging_Warren,Fox,Lodging/residential,49108.0,1951.0,,635474.43,317737.215,6.470172171540279
Fox_education_Eddy,Fox,Education,140092.0,,,5205945.76,2602972.88,18.580453416326414
Fox_education_Shawanda,Fox,Education,10334.0,,,200618.36,100309.18,9.706713760402554
Fox_education_Stacia,Fox,Education,33739.0,1939.0,,1334147.27,667073.635,19.771588814132013
Fox_assembly_Gary,Fox,Entertainment/public assembly,24345.0,1981.0,,1607569.04,803784.52,33.01641076196344
Fox_education_Rudolph,Fox,Education,25139.0,1970.0,,410675.16,205337.58,8.168088627232587
Fox_education_Louie,Fox,Education,179167.0,1971.0,,1361657.92,680828.96,3.799968520988798
Fox_education_Ashli,Fox,Education,9309.0,1970.0,,507704.09,253852.045,27.269528950478033
Fox_assembly_Cathy,Fox,Entertainment/public assembly,144086.0,1989.0,,1004077.14,502038.57,3.484298058104188
Fox_public_Bart,Fox,Public services,101262.0,1982.0,,2316351.11,1158175.555,11.437415368055143
Fox_office_Bernard,Fox,Office,45017.0,,,2324838.0,1162419.0,25.82177843925628
Fox_lodging_Jina,Fox,Lodging/residential,106440.0,1963.0,,2488750.94,1244375.47,11.690863115370162
Fox_lodging_Frances,Fox,Lodging/residential,111304.0,1964.0,,1737247.0,868623.5,7.804063645511392
Fox_assembly_Terrell,Fox,Entertainment/public assembly,51999.0,1974.0,,859984.08,429992.04,8.269236716090694
Fox_parking_Lynelle,Fox,Parking,157113.0,1987.0,,228757.93,114378.965,0.7280044617568247
Fox_parking_Felipa,Fox,Parking,557217.0,2004.0,,1079479.6,539739.8,0.9686348406455655
Fox_education_Dewayne,Fox,Education,95717.0,,,1358937.83,679468.915,7.098727655484397
Fox_education_Shirley,Fox,Education,88486.0,,,1719834.23,859917.115,9.718114899532129
Fox_office_Alice,Fox,Office,202435.0,1967.0,,6327358.2,3163679.1,15.628123101242375
Fox_education_Marlana,Fox,Education,64560.0,1965.0,,3104774.03,1552387.015,24.04564769206939
Fox_education_Melvin,Fox,Education,24643.0,1982.0,,1063010.59,531505.295,21.56820577851723
Fox_assembly_Renna,Fox,Entertainment/public assembly,179449.0,1976.0,,6594944.36,3297472.18,18.375539456893044
Fox_education_Lilly,Fox,Education,131710.0,1991.0,,3260866.37,1630433.185,12.378962759091944
Fox_education_Virginia,Fox,Education,12773.0,,,177411.76,88705.88,6.94479605417678
Fox_education_Marcelina,Fox,Education,4314.0,1907.0,,71991.32,35995.66,8.343917477978675
Fox_education_Virgil,Fox,Education,65907.0,1964.0,,1571411.83,785705.915,11.921433459268364
Fox_assembly_Johnnie,Fox,Entertainment/public assembly,254766.0,1989.0,,5881449.36,2940724.68,11.542845905654602
Fox_education_Suzan,Fox,Education,49078.0,1914.0,,711769.05,355884.525,7.251406434655039
Fox_education_Lesley,Fox,Education,16744.0,,,233242.03,116621.015,6.96494356187291
Fox_education_Burton,Fox,Education,75650.0,,,837795.33,418897.665,5.537312161269002
Fox_education_Shaun,Fox,Education,71224.0,,,1306147.09,653073.545,9.169290477928788
Fox_education_Cynthia,Fox,Education,77469.0,,,3634613.36,1817306.68,23.458501852353844
Fox_education_Tamika,Fox,Education,89770.0,,,2644260.57,1322130.285,14.727974657457947
Fox_assembly_Leeanne,Fox,Entertainment/public assembly,20804.0,1999.0,,319766.68,159883.34,7.685221111324745
Fox_education_Claire,Fox,Education,87673.0,1960.0,,1068936.49,534468.245,6.096155543896068
Fox_office_Edythe,Fox,Office,83660.0,1973.0,,1988036.09,994018.045,11.88164050920392
Fox_office_Thelma,Fox,Office,118966.0,1988.0,,2182000.43,1091000.215,9.170689230536457
Fox_education_Kris,Fox,Education,30543.0,,,1873366.06,936683.03,30.667682611400323
Fox_assembly_Carlos,Fox,Entertainment/public assembly,72193.0,2013.0,,1961416.82,980708.41,13.584536035349688
Fox_assembly_Tony,Fox,Entertainment/public assembly,77844.0,,,1437223.46,718611.73,9.231433764965828
Fox_assembly_Bradley,Fox,Entertainment/public assembly,809530.0,1958.0,,2660117.34,1330058.67,1.6430010870505107
Fox_office_Easter,Fox,Office,29778.0,,,397598.58,198799.29,6.676045738464639
Fox_education_Carleen,Fox,Education,71421.0,,,1852625.97,926312.985,12.969756584197924
Fox_education_Henrietta,Fox,Education,4583.0,,,516722.17,258361.085,56.37379118481344
Fox_office_Zachary,Fox,Office,140345.0,,,2946637.91,1473318.955,10.497837151305712
Fox_office_Brandy,Fox,Office,42214.0,1985.0,,564152.47,282076.235,6.682054176339602
Fox_office_Vicki,Fox,Office,70832.0,2014.0,,2574075.18,1287037.59,18.170284475943077
Fox_office_Joy,Fox,Office,70837.0,2014.0,,3191454.91,1595727.455,22.52675092112879
Fox_education_Ray,Fox,Education,12761.0,1909.0,,834956.22,417478.11,32.71515633571037
Fox_office_Gaylord,Fox,Office,148101.0,,,2815356.24,1407678.12,9.504852229221951
Fox_education_John,Fox,Education,49384.0,1967.0,,981370.41,490685.205,9.936117062206383
Fox_assembly_Dixie,Fox,Entertainment/public assembly,105505.0,2008.0,,1280068.54,640034.27,6.0663880384815885
Fox_food_Scott,Fox,Food sales and service,28862.0,,,1293837.69,646918.845,22.414207088905826
Fox_office_Juana,Fox,Office,28750.0,,,328800.61,164400.305,5.71827147826087
Fox_assembly_Sheldon,Fox,Entertainment/public assembly,51920.0,,,1743671.14,871835.57,16.791902349768876
Fox_assembly_Adrianne,Fox,Entertainment/public assembly,230259.0,1975.0,,4084246.77,2042123.385,8.868810274516957
Fox_lodging_Morris,Fox,Lodging/residential,32841.0,1935.0,,411041.68,205520.84,6.258056697420907
Fox_office_Rowena,Fox,Office,33713.0,1956.0,,646410.38,323205.19,9.586960223059354
Fox_assembly_Christie,Fox,Entertainment/public assembly,10733.0,2005.0,,366155.75,183077.875,17.057474611012765
Fox_assembly_Lakeisha,Fox,Entertainment/public assembly,9666.0,2005.0,,309658.52,154829.26,16.017924684460997
Fox_office_Karima,Fox,Office,51732.0,1966.0,,1244335.36,622167.68,12.026747081110338
Rat_public_Dalia,Rat,Public services,90635.0,2011.0,,3250697.98,1625348.99,17.93290660340928
Rat_public_Muriel,Rat,Public services,33743.0,,,1449979.87,724989.935,21.485639540052752
Rat_office_Adele,Rat,Office,408000.0,2010.0,,10504001.68,5252000.84,12.872551078431373
Rat_assembly_Ezequiel,Rat,Entertainment/public assembly,14913.0,,,714659.53,357329.765,23.960957889090057
Rat_education_Colin,Rat,Education,83400.0,1942.0,,954386.56,477193.28,5.721741966426859
Rat_public_Chrissy,Rat,Public services,22000.0,,,956298.67,478149.335,21.734060681818182
Rat_education_Wilmer,Rat,Education,66200.0,1950.0,,1785018.73,892509.365,13.482014577039275
Rat_assembly_Kristine,Rat,Entertainment/public assembly,39541.0,,,404938.77,202469.385,5.120492273842341
Rat_education_Conrad,Rat,Education,356000.0,2014.0,,2847476.66,1423738.33,3.9992649719101125
Rat_education_Rogelio,Rat,Education,62800.0,2014.0,,2189606.77,1094803.385,17.433174920382164
Rat_public_Nell,Rat,Public services,51176.0,,,848268.67,424134.335,8.28775861732062
Rat_education_Calvin,Rat,Education,57100.0,2015.0,,650931.41,325465.705,5.699924781085815
Rat_assembly_Dovie,Rat,Entertainment/public assembly,15950.0,,,418448.22,209224.11,13.117499059561128
Rat_office_Ronald,Rat,Office,8637.0,,,937759.81,468879.905,54.28735729998842
Rat_education_Debra,Rat,Education,51500.0,1931.0,,1840759.72,920379.86,17.87145359223301
Rat_public_Roberta,Rat,Public services,10873.0,,,260054.94,130027.47,11.958748275544927
Rat_public_Lynda,Rat,Public services,5033.0,,,208987.57,104493.785,20.761729584740714
Rat_assembly_Jennie,Rat,Entertainment/public assembly,2067.0,,,45003.08,22501.54,10.886086115142719
Rat_public_Ramon,Rat,Public services,22000.0,,,534567.41,267283.705,12.14925931818182
Rat_education_Lonnie,Rat,Education,50000.0,1928.0,,1056378.29,528189.145,10.5637829
Rat_assembly_Gerald,Rat,Entertainment/public assembly,6625.0,,,63677.13,31838.565,4.805821132075471
Rat_education_Kandice,Rat,Education,103800.0,,,1176801.52,588400.76,5.668600770712909
Rat_assembly_Trudy,Rat,Entertainment/public assembly,20644.0,,,659465.92,329732.96,15.972338694051542
Rat_public_Sean,Rat,Public services,78550.0,,,385296.6,192648.3,2.452556333545512
Rat_office_Jeannie,Rat,Office,16098.0,,,760480.35,380240.175,23.620336377189712
Rat_office_Craig,Rat,Office,105000.0,,,4084504.53,2042252.265,19.45002157142857
Rat_public_Leo,Rat,Public services,13100.0,1929.0,,316994.36,158497.18,12.099021374045801
Rat_education_Dreama,Rat,Education,105500.0,,,1584112.73,792056.365,7.50764327014218
Rat_public_Clyde,Rat,Public services,15913.0,,,596558.69,298279.345,18.744381637654747
Rat_education_Renee,Rat,Education,37083.0,1908.0,,599307.95,299653.975,8.080629264083273
Rat_education_Nellie,Rat,Education,282200.0,1928.0,,7620306.36,3810153.18,13.501605882352942
Rat_assembly_Deandre,Rat,Entertainment/public assembly,11910.0,,,505841.84,252920.92,21.236013434089003
Rat_education_Winnie,Rat,Education,59200.0,1959.0,,965847.01,482923.505,8.157491638513514
Rat_assembly_Monica,Rat,Entertainment/public assembly,45548.0,,,1142415.12,571207.56,12.540782471239133
Rat_education_Kelsey,Rat,Education,99325.0,1927.0,,2764440.76,1382220.38,13.916137729675308
Rat_education_Leonardo,Rat,Education,47200.0,1935.0,,829334.89,414667.445,8.785327224576271
Rat_assembly_Victorina,Rat,Entertainment/public assembly,3133.0,,,29878.72,14939.36,4.768388126396426
Rat_education_Rosalyn,Rat,Education,65000.0,,,1251714.34,625857.17,9.628571846153847
Rat_education_Theo,Rat,Education,288800.0,1923.0,,9752262.15,4876131.075,16.884110370498615
Rat_education_Marcos,Rat,Education,90400.0,,,6348333.48,3174166.74,35.1124639380531
Rat_education_Earnest,Rat,Education,59900.0,1962.0,,1056371.21,528185.605,8.817789732888146
Rat_education_Zina,Rat,Education,57100.0,1960.0,,855690.09,427845.045,7.492907968476357
Rat_office_Lora,Rat,Office,229000.0,2010.0,,7492923.31,3746461.655,16.360094563318775
Rat_education_Elisa,Rat,Education,43000.0,1923.0,,691404.33,345702.165,8.039585232558139
Rat_assembly_Teddy,Rat,Entertainment/public assembly,22334.0,1977.0,,1490783.65,745391.825,33.37475709680308
Rat_assembly_Aisha,Rat,Entertainment/public assembly,23803.0,1969.0,,1421865.07,710932.535,29.86735012393396
Rat_education_Francisca,Rat,Education,71100.0,,,605383.45,302691.725,4.257267580872011
Rat_assembly_Lillie,Rat,Entertainment/public assembly,1843.0,,,234501.65,117250.825,63.619546934346175
Rat_lodging_Dwight,Rat,Lodging/residential,15420.0,,,421850.16,210925.08,13.678669260700389
Rat_public_Margart,Rat,Public services,22000.0,,,744367.77,372183.885,16.91744931818182
Rat_education_Paula,Rat,Education,77500.0,1942.0,,2152416.62,1076208.31,13.886558838709679
Rat_lodging_Lakisha,Rat,Lodging/residential,7250.0,,,7277.96,3638.98,0.501928275862069
Rat_assembly_Teodoro,Rat,Entertainment/public assembly,17709.0,,,446784.6,223392.3,12.61461968490598
Rat_education_Earl,Rat,Education,75900.0,1974.0,,2772428.21,1386214.105,18.26369044795784
Rat_public_Kelly,Rat,Public services,10577.0,1969.0,,367490.07,183745.035,17.372131511770824
Rat_public_Mabel,Rat,Public services,45098.0,,,1764480.79,882240.395,19.56273881325114
Rat_education_Nydia,Rat,Education,83800.0,1944.0,,2647956.41,1323978.205,15.799262589498808
Rat_education_Fernando,Rat,Education,58908.0,1910.0,,1089751.82,544875.91,9.249608032864806
Rat_education_Pat,Rat,Education,144900.0,,,2782905.97,1391452.985,9.602850138026225
Rat_education_Milagros,Rat,Education,99700.0,1955.0,,1884758.97,942379.485,9.452151303911736
Rat_education_Barney,Rat,Education,77500.0,,,498948.27,249474.135,3.2190210967741937
Rat_education_Dann,Rat,Education,182500.0,1970.0,,3411262.12,1705631.06,9.345923616438357
Rat_public_Julieann,Rat,Public services,4336.0,,,76869.12,38434.56,8.864059040590405
Rat_lodging_Ted,Rat,Lodging/residential,2000.0,,,43529.44,21764.72,10.88236
Rat_education_Royal,Rat,Education,77700.0,,,1275678.08,637839.04,8.208996653796655
Rat_public_Tammara,Rat,Public services,4925.0,,,130644.99,65322.495,13.26345076142132
Rat_education_Bryant,Rat,Education,69600.0,1949.0,,974725.5,487362.75,7.002338362068966
Rat_public_Damon,Rat,Public services,13224.0,1965.0,,362121.1,181060.55,13.69181412583182
Rat_public_Amber,Rat,Public services,21368.0,,,179726.39,89863.195,4.205503322725571
Rat_education_Lynn,Rat,Education,83800.0,,,1861165.29,930582.645,11.10480483293556
Rat_health_Guy,Rat,Healthcare,819577.0,1922.0,,25447695.6,12723847.8,15.52489613544548
Rat_public_Carole,Rat,Public services,9941.0,1963.0,,328197.96,164098.98,16.507291017000302
Rat_assembly_Kimberley,Rat,Entertainment/public assembly,20584.0,,,1158756.4,579378.2,28.147017100660705
Rat_retail_Jeffrey,Rat,Retail,16500.0,,,1330726.67,665363.335,40.32505060606061
Rat_public_Joann,Rat,Public services,6431.0,,,308690.25,154345.125,24.000174933913854
Rat_assembly_Adolfo,Rat,Entertainment/public assembly,15960.0,2005.0,,612711.97,306355.985,19.19523715538847
Rat_assembly_Pam,Rat,Entertainment/public assembly,5554.0,,,148572.81,74286.405,13.375297983435361
Rat_education_Meghan,Rat,Education,49100.0,1911.0,,939130.47,469565.235,9.563446741344196
Rat_education_Ulrike,Rat,Education,46484.0,1932.0,,1817790.94,908895.47,19.552867008002753
Rat_lodging_Ben,Rat,Lodging/residential,350000.0,1949.0,,5697493.53,2848746.765,8.139276471428571
Rat_office_Colby,Rat,Office,850354.0,1989.0,,37334370.76,18667185.38,21.952252097361804
Rat_office_Chris,Rat,Office,585955.0,1942.0,,11690664.96,5845332.48,9.975736157213438
Rat_public_Shanta,Rat,Public services,12506.0,,,213120.62,106560.31,8.520734847273308
Rat_public_Fern,Rat,Public services,35241.0,1978.0,,844908.9,422454.45,11.987584064016344
Rat_assembly_Michel,Rat,Entertainment/public assembly,7675.0,,,258981.4,129490.7,16.871752442996744
Rat_education_Sherwood,Rat,Education,95100.0,1927.0,,1789987.09,894993.545,9.411078286014721
Rat_assembly_Silvia,Rat,Entertainment/public assembly,1858.0,,,198901.93,99450.965,53.52581539289559
Rat_education_Carmela,Rat,Education,47984.0,2002.0,,1506603.75,753301.875,15.69902206985662
Rat_warehouse_Shari,Rat,Warehouse/storage,27318.0,,,793661.13,396830.565,14.5263403250604
Rat_office_Tracy,Rat,Office,13728.0,,,360073.02,180036.51,13.11454763986014
Rat_public_Faye,Rat,Public services,18432.0,1973.0,,544206.14,272103.07,14.762536349826389
Rat_assembly_Francine,Rat,Entertainment/public assembly,17262.0,2003.0,,695244.6,347622.3,20.13800834202294
Rat_education_Willie,Rat,Education,104200.0,2009.0,,4173244.43,2086622.215,20.02516521113244
Rat_public_Sharron,Rat,Public services,30810.0,,,760202.68,380101.34,12.336947095098994
Rat_education_Jacob,Rat,Education,57165.0,2014.0,,971837.48,485918.74,8.500284089915157
Rat_office_Kasey,Rat,Office,34400.0,,,1509359.85,754679.925,21.938369912790698
Rat_education_Davis,Rat,Education,87107.0,,,1364949.85,682474.925,7.834903337274846
Rat_education_Mona,Rat,Education,53000.0,1912.0,,1364888.7,682444.35,12.876308490566037
Rat_education_Marvin,Rat,Education,59400.0,1900.0,,937328.8,468664.4,7.8899730639730645
Rat_assembly_Trent,Rat,Entertainment/public assembly,3545.0,2000.0,,394462.09,197231.045,55.636401974612134
Rat_public_Nancy,Rat,Public services,8925.0,1912.0,,330323.27,165161.635,18.50550532212885
Rat_public_Toya,Rat,Public services,16768.0,1980.0,,464625.92,232312.96,13.854541984732824
Rat_public_Lloyd,Rat,Public services,54061.0,2006.0,,1253254.69,626627.345,11.59111642403951
Rat_education_Shellie,Rat,Education,62200.0,,,1305080.49,652540.245,10.491000723472668
Rat_education_Terese,Rat,Education,180000.0,1939.0,,2029416.31,1014708.155,5.6372675277777775
Rat_public_Angelina,Rat,Public services,19315.0,,,568881.81,284440.905,14.726425317111055
Rat_assembly_Cristina,Rat,Entertainment/public assembly,12660.0,,,893533.97,446766.985,35.28965126382306
Rat_public_Darren,Rat,Public services,2818.0,,,75944.29,37972.145,13.47485628105039
Rat_education_Stuart,Rat,Education,82200.0,1916.0,,830446.88,415223.44,5.051380048661801
Rat_assembly_Erwin,Rat,Entertainment/public assembly,2347.0,,,289414.46,144707.23,61.65625479335322
Rat_education_Kathryn,Rat,Education,325217.0,2006.0,,9102468.98,4551234.49,13.9944544411885
Rat_assembly_Damaris,Rat,Entertainment/public assembly,16098.0,1929.0,,85677.76,42838.88,2.661130575226736
Rat_education_Candida,Rat,Education,38500.0,2016.0,,2450386.18,1225193.09,31.823197142857143
Rat_education_Adrian,Rat,Education,64113.0,1924.0,,1356543.23,678271.615,10.579314881537286
Rat_assembly_Aubrey,Rat,Entertainment/public assembly,6139.0,,,299187.57,149593.785,24.36777732529728
Rat_education_Mose,Rat,Education,110000.0,,,1448410.03,724205.015,6.583681954545455
Rat_warehouse_Maegan,Rat,Warehouse/storage,14839.0,2005.0,,115536.86,57768.43,3.8930136801671273
Rat_assembly_Viola,Rat,Entertainment/public assembly,36387.0,,,944665.6,472332.8,12.980811828400252
Rat_education_Jesse,Rat,Education,41329.0,,,516256.01,258128.005,6.245687168816086
Rat_education_Tristan,Rat,Education,110100.0,1907.0,,457401.39,228700.695,2.0772088555858312
Rat_public_Deidre,Rat,Public services,7079.0,,,157278.82,78639.41,11.108830343268824
Rat_education_Maricela,Rat,Education,69600.0,1978.0,,2454881.86,1227440.93,17.63564554597701
Rat_assembly_Mirta,Rat,Entertainment/public assembly,86120.0,1926.0,,2955357.71,1477678.855,17.158370355318162
Rat_education_Nona,Rat,Education,271300.0,1940.0,,1718450.46,859225.23,3.1670668263914483
Rat_assembly_Jamie,Rat,Entertainment/public assembly,11274.0,,,501211.36,250605.68,22.22863934717048
Rat_public_Allie,Rat,Public services,8726.0,,,201979.31,100989.655,11.573419092367637
Rat_assembly_Pauline,Rat,Entertainment/public assembly,969.0,,,30374.32,15187.16,15.673023735810114
Rat_public_Jason,Rat,Public services,32527.0,,,440428.15,220214.075,6.770193224090756
Rat_warehouse_Eloisa,Rat,Warehouse/storage,202829.0,1983.0,,1593844.11,796922.055,3.9290340878276777
Rat_education_Keith,Rat,Education,101400.0,1930.0,,1838273.17,919136.585,9.064463362919131
Rat_public_Neil,Rat,Public services,14269.0,,,427900.1,213950.05,14.9940465344453
Rat_assembly_Alex,Rat,Entertainment/public assembly,1396.0,,,111400.74,55700.37,39.89997851002865
Rat_public_Laverne,Rat,Public services,11934.0,1930.0,,223198.57,111599.285,9.351372967990615
Rat_public_Sharonda,Rat,Public services,23918.0,,,639955.12,319977.56,13.378106865122502
Rat_parking_Ronnie,Rat,Parking,1760.0,,,295094.26,147547.13,83.8335965909091
Rat_public_Kimber,Rat,Public services,103200.0,,,3993953.08,1996976.54,19.350547868217056
Rat_assembly_Kenya,Rat,Entertainment/public assembly,23055.0,,,1133025.12,566512.56,24.572221210149646
Rat_education_Imelda,Rat,Education,39500.0,,,50618.89,25309.445,0.6407454430379746
Rat_office_Loyd,Rat,Office,29916.0,2002.0,,969774.58,484887.29,16.208292886749565
Rat_lodging_Ardell,Rat,Lodging/residential,15574.0,,,276856.17,138428.085,8.888409207653782
Rat_assembly_Kristy,Rat,Entertainment/public assembly,11651.0,,,870842.2,435421.1,37.371993820272934
Rat_public_Stella,Rat,Public services,36562.0,,,1688227.63,844113.815,23.08718929489634
Rat_office_Randy,Rat,Office,62205.0,,,1797548.57,898774.285,14.44858588537899
Rat_public_Michelle,Rat,Public services,35033.0,1962.0,,1204232.83,602116.415,17.18712114292239
Rat_public_Mark,Rat,Public services,3267.0,,,402332.98,201166.49,61.575295378022645
Rat_education_Dana,Rat,Education,70800.0,1964.0,,1710779.3,855389.65,12.081774717514124
Rat_education_Brett,Rat,Education,109000.0,1940.0,,1142136.09,571068.045,5.23915637614679
Rat_public_Fredrick,Rat,Public services,12945.0,1960.0,,225062.66,112531.33,8.693034376207029
Rat_education_Jena,Rat,Education,40950.0,1910.0,,2854175.1,1427087.55,34.84951282051282
Rat_public_Loretta,Rat,Public services,43992.0,,,3527688.21,1763844.105,40.09465596017458
Rat_public_Roma,Rat,Public services,21472.0,2011.0,,932131.48,466065.74,21.705744225037257
Rat_office_Jessica,Rat,Office,328760.0,1904.0,,12136276.01,6068138.005,18.45765301435698
Rat_lodging_Marguerite,Rat,Lodging/residential,18340.0,1900.0,,392651.57,196325.785,10.70478653217012
Rat_education_Lincoln,Rat,Education,116872.0,1931.0,,2814821.71,1407410.855,12.042327118557054
Rat_assembly_Rosemarie,Rat,Entertainment/public assembly,5013.0,,,196940.8,98470.4,19.643008178735286
Rat_education_Morton,Rat,Education,155100.0,1931.0,,2633073.96,1316536.98,8.488310638297872
Rat_public_Corinne,Rat,Public services,24875.0,1984.0,,444632.08,222316.04,8.93732824120603
Rat_public_Isabel,Rat,Public services,16576.0,1932.0,,934104.91,467052.455,28.17642706322394
Rat_health_Tanya,Rat,Healthcare,29192.0,2014.0,,900302.71,450151.355,15.420367052617154
Rat_public_Frederick,Rat,Public services,14125.0,,,355638.7,177819.35,12.588980530973451
Rat_education_Guillermo,Rat,Education,79700.0,1932.0,,1900747.34,950373.67,11.924387327478042
Rat_assembly_Horace,Rat,Entertainment/public assembly,4589.0,,,462696.9,231348.45,50.413695794290696
Rat_assembly_Frieda,Rat,Entertainment/public assembly,36744.0,2004.0,,2165924.95,1082962.475,29.47317861419552
Rat_public_Courtney,Rat,Public services,17927.0,,,535715.82,267857.91,14.941591454231046
Rat_education_Zoe,Rat,Education,69400.0,1959.0,,1637947.58,818973.79,11.80077507204611
Rat_public_Tommy,Rat,Public services,9226.0,,,293488.55,146744.275,15.905514307392153
Rat_public_Kermit,Rat,Public services,25000.0,,,302314.2,151157.1,6.046284
Rat_public_Becky,Rat,Public services,9816.0,,,367513.84,183756.92,18.72014262428688
Rat_office_Annis,Rat,Office,6400.0,,,581388.79,290694.395,45.420999218750005
Rat_public_Emilee,Rat,Public services,22500.0,,,668779.86,334389.93,14.861774666666667
Rat_public_Caroline,Rat,Public services,47439.0,,,2615571.48,1307785.74,27.567734142793903
Rat_office_Arron,Rat,Office,40000.0,,,1040475.89,520237.945,13.005948625
Rat_public_Norene,Rat,Public services,13044.0,1913.0,,409330.29,204665.145,15.690366835326586
Rat_public_Michael,Rat,Public services,24618.0,,,742525.41,371262.705,15.080945040214479
Rat_education_Patty,Rat,Education,170000.0,1956.0,,2395844.17,1197922.085,7.046600499999999
Rat_education_Liz,Rat,Education,69400.0,1911.0,,1595666.26,797833.13,11.49615461095101
Rat_public_Josiah,Rat,Public services,46007.0,1950.0,,1538488.69,769244.345,16.720158780185624
Rat_public_Leta,Rat,Public services,10151.0,1966.0,,298104.07,149052.035,14.683482908087873
Rat_office_Avis,Rat,Office,474680.0,1986.0,,15702805.83,7851402.915,16.540412309345243
Rat_assembly_Donny,Rat,Entertainment/public assembly,1102.0,,,42847.37,21423.685,19.44073049001815
Rat_public_Sade,Rat,Public services,21600.0,,,566499.52,283249.76,13.113414814814815
Rat_lodging_Christine,Rat,Lodging/residential,31283.0,1935.0,,1087681.43,543840.715,17.38454480069047
Rat_public_Johnna,Rat,Public services,15775.0,,,453118.92,226559.46,14.36193090332805
Rat_public_Berry,Rat,Public services,43955.0,1978.0,,1706065.79,853032.895,19.406959276532817
Rat_office_Rosemary,Rat,Office,30000.0,,,289483.02,144741.51,4.824717000000001
Rat_education_Adell,Rat,Education,104294.0,1976.0,,2581069.24,1290534.62,12.374006366617447
Rat_education_Beverly,Rat,Education,394000.0,2013.0,,11602870.18,5801435.09,14.724454543147207
Rat_education_Alfred,Rat,Education,207000.0,1935.0,,6172078.5,3086039.25,14.908402173913043
Rat_public_Allyson,Rat,Public services,18000.0,,,952452.12,476226.06,26.457003333333333
Rat_public_Yessenia,Rat,Public services,22000.0,2007.0,,1988684.99,994342.495,45.19738613636363
Rat_education_Everett,Rat,Education,86375.0,1903.0,,3103080.17,1551540.085,17.962837452966713
Rat_education_Esther,Rat,Education,69600.0,1908.0,,1654606.68,827303.34,11.88654224137931
Rat_education_Alfonso,Rat,Education,85039.0,1925.0,,5834272.98,2917136.49,34.303513564364586
Rat_education_Robyn,Rat,Education,98900.0,1961.0,,2717984.12,1358992.06,13.74107239635996
Rat_education_Verna,Rat,Education,66600.0,1970.0,,1449644.54,724822.27,10.883217267267268
Rat_education_Vicky,Rat,Education,193800.0,,,3146876.76,1573438.38,8.11887708978328
Rat_education_Lee,Rat,Education,283000.0,2014.0,,7073100.82,3536550.41,12.496644558303888
Rat_education_Irma,Rat,Education,72800.0,1959.0,,1301836.55,650918.275,8.941185096153847
Rat_education_Tim,Rat,Education,47500.0,1968.0,,1089687.06,544843.53,11.470390105263158
Rat_public_Wilma,Rat,Public services,16200.0,,,990866.61,495433.305,30.582302777777777
Rat_public_Dexter,Rat,Public services,7732.0,,,229543.12,114771.56,14.84370926021728
Rat_assembly_Ida,Rat,Entertainment/public assembly,14842.0,,,458007.95,229003.975,15.429455262094057
Rat_education_Elsie,Rat,Education,376507.0,2011.0,,2055824.12,1027912.06,2.730127354869896
Rat_education_Humberto,Rat,Education,99975.0,1968.0,,3002700.83,1501350.415,15.017258464616154
Rat_education_Cedric,Rat,Education,66404.0,,,1632281.35,816140.675,12.290534832239022
Rat_public_Tricia,Rat,Public services,6010.0,,,657028.45,328514.225,54.66126871880199
Rat_other_Lan,Rat,Other,10762.0,,,237226.42,118613.21,11.02148392492102
Rat_warehouse_Doretta,Rat,Warehouse/storage,112536.0,,,2755791.21,1377895.605,12.244042839624653
Rat_warehouse_Breanna,Rat,Warehouse/storage,51622.0,1975.0,,1590428.58,795214.29,15.404561814730155
Rat_education_Cecil,Rat,Education,61151.0,,,1085215.53,542607.765,8.873244345963272
Rat_other_Daphne,Rat,Other,112283.0,,,204906.87,102453.435,0.9124572286098519
Rat_other_Al,Rat,Other,10578.0,,,922144.82,461072.41,43.58786254490452
Rat_public_Frank,Rat,Public services,4581.0,,,139727.52,69863.76,15.250766208251472
Rat_public_Grover,Rat,Public services,12316.0,,,310095.33,155047.665,12.58912512179279
Rat_lodging_Jeannette,Rat,Lodging/residential,5000.0,2010.0,,90772.92,45386.46,9.077292
Rat_public_Duane,Rat,Public services,112283.0,,,1365925.7,682962.85,6.082513381366725
Rat_public_Laura,Rat,Public services,12750.0,,,227200.05,113600.025,8.909805882352941
Rat_education_Marianna,Rat,Education,63900.0,1921.0,,1393244.7,696622.35,10.901758215962442
Rat_public_Vickie,Rat,Public services,9000.0,,,791776.45,395888.225,43.98758055555555
Rat_public_Bronwyn,Rat,Public services,555243.0,1941.0,,7653525.48,3826762.74,6.8920503995547895
Rat_public_Alanna,Rat,Public services,461647.0,1976.0,,20163923.28,10081961.64,21.83911438826636
Rat_office_Olivia,Rat,Office,27600.0,,,923885.32,461942.66,16.737052898550722
Rat_public_Kathleen,Rat,Public services,12000.0,,,491903.34,245951.67,20.4959725
Rat_office_Mei,Rat,Office,8000.0,,,352689.04,176344.52,22.043065
Rat_assembly_Ruth,Rat,Entertainment/public assembly,9726.0,,,108461.3,54230.65,5.575843100966482
Rat_public_Laurie,Rat,Public services,134114.0,,,2730816.64,1365408.32,10.180952920649597
Rat_public_Desiree,Rat,Public services,9062.0,,,226721.22,113360.61,12.509447141911277
Rat_public_Johnny,Rat,Public services,7636.0,,,360573.1,180286.55,23.610077265584074
Rat_public_Tamra,Rat,Public services,9392.0,,,366807.69,183403.845,19.527666631175467
Rat_public_Elmira,Rat,Public services,11143.0,,,324275.0,162137.5,14.550614735708516
Rat_public_Ramona,Rat,Public services,14519.0,1908.0,,469993.74,234996.87,16.18547213995454
Rat_public_Hortencia,Rat,Public services,144000.0,,,1036915.89,518457.945,3.6004023958333335
Rat_public_Marcellus,Rat,Public services,68203.0,,,168920.09,84460.045,1.2383626086829025
Rat_assembly_Rolland,Rat,Entertainment/public assembly,7133.0,,,714115.67,357057.835,50.0571758026076
Rat_lodging_Marion,Rat,Lodging/residential,11900.0,,,634632.11,317316.055,26.665214705882352
Rat_assembly_Kelley,Rat,Entertainment/public assembly,898.0,,,47455.8,23727.9,26.423051224944324
Rat_health_Rosaria,Rat,Healthcare,15000.0,2010.0,,542536.37,271268.185,18.084545666666667
Rat_assembly_Suzanne,Rat,Entertainment/public assembly,1962.0,,,54505.96,27252.98,13.890407747196738
Rat_religion_Kathy,Rat,Religious worship,10000.0,2010.0,,90199.16,45099.58,4.509958
Rat_assembly_Gwen,Rat,Entertainment/public assembly,1473.0,,,95959.38,47979.69,32.57276985743381
Rat_education_Sina,Rat,Education,88300.0,1909.0,,2928562.32,1464281.16,16.583025594563985
Rat_lodging_Lorenzo,Rat,Lodging/residential,2582.0,,,50706.84,25353.42,9.819295120061966
Rat_education_Deanna,Rat,Education,66900.0,1969.0,,1544856.93,772428.465,11.54601591928251
Rat_assembly_Archie,Rat,Entertainment/public assembly,801.0,,,53670.84,26835.42,33.502397003745315
Rat_public_Lea,Rat,Public services,110800.0,1972.0,,899990.68,449995.34,4.061329783393502
Rat_education_Yu,Rat,Education,21903.0,1931.0,,1369775.63,684887.815,31.269132767200837
Rat_public_Sana,Rat,Public services,400000.0,1971.0,,16476064.32,8238032.16,20.5950804
Rat_health_Gaye,Rat,Healthcare,23903.0,,,662554.64,331277.32,13.859236079153245
Rat_health_Mildred,Rat,Healthcare,9813.0,2010.0,,314698.51,157349.255,16.03477580760216
Rat_public_Helena,Rat,Public services,12754.0,1968.0,,421053.3,210526.65,16.506715540222675
Rat_public_Nelson,Rat,Public services,16000.0,2014.0,,777792.64,388896.32,24.30602
Rat_office_Jacinta,Rat,Office,30525.0,,,3814992.81,1907496.405,62.48964471744472
Rat_public_Kelle,Rat,Public services,20110.0,1936.0,,437246.58,218623.29,10.871371954251616
Rat_education_Jame,Rat,Education,37800.0,,,1129601.69,564800.845,14.941821296296295
Rat_assembly_Kaitlyn,Rat,Entertainment/public assembly,26187.0,,,1728132.76,864066.38,32.99600488792149
Rat_education_Gricelda,Rat,Education,22400.0,,,443119.58,221559.79,9.89106205357143
Rat_health_Shane,Rat,Healthcare,450000.0,2012.0,,19848198.48,9924099.24,22.053553866666668
Rat_public_Sue,Rat,Public services,19000.0,,,508656.49,254328.245,13.385697105263157
Rat_office_Ramiro,Rat,Office,89315.0,,,607351.61,303675.805,3.40005379835414
Rat_education_Salvatore,Rat,Education,48994.0,2015.0,,1371402.46,685701.23,13.995616402008409
Rat_office_Jill,Rat,Office,340000.0,2010.0,,11176741.01,5588370.505,16.436383838235294
Rat_office_Jamal,Rat,Office,295000.0,,,16453257.25,8226628.625,27.886876694915255
Rat_education_Tania,Rat,Education,235000.0,2013.0,,5396874.95,2698437.475,11.482712659574469
Rat_office_Sammy,Rat,Office,31346.0,,,939863.05,469931.525,14.991754131308621
Rat_public_Stacey,Rat,Public services,89315.0,,,286156.58,143078.29,1.6019514079381965
Bear_education_Yvette,Bear,Education,15326.0,1954.0,,192144.1011,96072.05055,6.2685665242072295
Bear_education_Arnold,Bear,Education,2010.0,1957.0,,9227.8211,4613.91055,2.295477885572139
Bear_education_Maryjane,Bear,Education,86091.0,1964.0,,5791133.5714,2895566.7857,33.63379198406337
Bear_education_Owen,Bear,Education,193202.0,1964.0,,2633913.062,1316956.531,6.816474627591846
Bear_education_Marta,Bear,Education,47954.0,1980.0,,736033.8033,368016.90165,7.6743733922092
Bear_education_Babara,Bear,Education,94175.0,1964.0,,6461940.472,3230970.236,34.308152227236526
Bear_education_Herb,Bear,Education,23815.0,1914.0,,226330.9741,113165.48705,4.75185752886836
Bear_education_Darrell,Bear,Education,56343.0,1905.0,,689102.0389,344551.01945,6.115240925225849
Bear_science_Eleanor,Bear,Technology/science,33167.0,1963.0,,633677.1628,316838.5814,9.552826043959358
Bear_education_Pattie,Bear,Education,86465.0,2014.0,,3023981.414,1511990.707,17.486736910888798
Bear_education_Wade,Bear,Education,113589.0,1958.0,,948873.8223,474436.91115,4.17678570240076
Bear_lodging_Erick,Bear,Lodging/residential,71994.0,2004.0,,849451.892,424725.946,5.899463094146735
Bear_education_Holly,Bear,Education,7781.0,1910.0,,21699.1091,10849.55455,1.39436506233132
Bear_education_Danna,Bear,Education,104016.0,1960.0,,1806395.1121,903197.55605,8.68325599955776
Bear_lodging_Dannie,Bear,Lodging/residential,23012.0,1930.0,,151324.976,75662.488,3.2879579349904398
Bear_education_Sandy,Bear,Education,14542.0,1920.0,,116128.1546,58064.0773,3.992853617109063
Bear_education_Liliana,Bear,Education,206054.0,1950.0,,7617081.8301,3808540.91505,18.483217579129743
Bear_education_Paola,Bear,Education,137806.0,1967.0,,2621255.3999,1310627.69995,9.510672249031247
Bear_public_Lowell,Bear,Public services,132394.0,1949.0,,3603386.6784,1801693.3392,13.60857243681738
Bear_public_Rayna,Bear,Public services,166514.0,1917.0,,1951848.613,975924.3065,5.860914436623947
Bear_science_Alison,Bear,Technology/science,53234.0,1942.0,,1811054.2387,905527.11935,17.010315199872263
Bear_education_Austin,Bear,Education,21866.0,1911.0,,369646.7556,184823.3778,8.45254631848532
Bear_education_Bob,Bear,Education,305268.0,1952.0,,2255363.5723,1127681.78615,3.694071393496862
Bear_education_Lorie,Bear,Education,120694.0,2012.0,,7011796.3306,3505898.1653,29.047824790793246
Bear_education_Nanette,Bear,Education,66203.0,2015.0,,1794733.8996,897366.9498,13.55477772608492
Bear_education_Val,Bear,Education,177281.0,1964.0,,6566265.619,3283132.8095,18.51937212391627
Bear_education_Thuy,Bear,Education,270413.0,1971.0,,4046711.1889,2023355.59445,7.482464210115638
Bear_education_Deena,Bear,Education,18474.0,1923.0,,147276.4806,73638.2403,3.9860474342318937
Bear_public_Valorie,Bear,Public services,189425.0,1994.0,,3410515.6679,1705257.83395,9.002284988517882
Bear_public_Jocelyn,Bear,Public services,68701.0,1930.0,,853388.795,426694.3975,6.210890634779698
Bear_education_Irene,Bear,Education,25996.0,1954.0,,1555051.4679,777525.73395,29.909437373057393
Bear_education_Curtis,Bear,Education,44182.0,1917.0,,1203721.1107,601860.55535,13.622302189805804
Bear_assembly_Roxy,Bear,Entertainment/public assembly,11910.0,1903.0,,271632.6696,135816.3348,11.403554559193955
Bear_assembly_Angel,Bear,Entertainment/public assembly,238065.0,1933.0,,7135745.8816,3567872.9408,14.986969696511457
Bear_public_Orville,Bear,Public services,29063.0,2004.0,,653572.673,326786.3365,11.244067594536007
Bear_education_Marie,Bear,Education,51020.0,1924.0,,417097.3169,208548.65845,4.08758640631125
Bear_utility_Sidney,Bear,Utility,23432.0,1999.0,,912923.0808,456461.5404,19.480263758962103
Bear_education_Merrill,Bear,Education,34825.0,1999.0,,313363.7634,156681.8817,4.4991207954056
Bear_assembly_Ruby,Bear,Entertainment/public assembly,124197.0,1927.0,,1213600.5526,606800.2763,4.885788515825665
Bear_education_Benita,Bear,Education,141461.0,1907.0,,8938646.7684,4469323.3842,31.594032165755934
Bear_assembly_Beatrice,Bear,Entertainment/public assembly,30160.0,1958.0,,752050.785,376025.3925,12.467685427718834
Bear_education_Mara,Bear,Education,128126.0,1966.0,,8737377.7243,4368688.86215,34.096817680642495
Bear_education_Gavin,Bear,Education,77055.0,1917.0,,1577363.8925,788681.94625,10.235311741613135
Bear_assembly_Diana,Bear,Entertainment/public assembly,1305.0,1995.0,,13091.4677,6545.73385,5.015888007662835
Bear_lodging_Evan,Bear,Lodging/residential,185200.0,1930.0,,3069730.1097,1534865.05485,8.287608287526998
Bear_education_Rebecca,Bear,Education,153700.0,1990.0,,13671758.4767,6835879.23835,44.475466742680545
Bear_education_Lashanda,Bear,Education,117814.0,1959.0,,1293551.91,646775.955,5.489805583377187
Bear_education_Patricia,Bear,Education,182943.0,1963.0,,11068159.0614,5534079.5307,30.250293975172596
Bear_education_Katy,Bear,Education,148032.0,1924.0,,2181868.0058,1090934.0029,7.369582272076308
Bear_education_Derek,Bear,Education,68146.0,1948.0,,3221463.4168,1610731.7084,23.636482088457136
Bear_education_Bulah,Bear,Education,220703.0,2011.0,,23336195.7404,11668097.8702,52.86787162023172
Bear_education_Lila,Bear,Education,123612.0,1961.0,,3762538.2376,1881269.1188,15.219146351486911
Bear_education_Lewis,Bear,Education,49388.0,1931.0,,411256.3392,205628.1696,4.163524937231716
Bear_education_Chun,Bear,Education,46204.0,1941.0,,1761344.3704,880672.1852,19.060518249502206
Bear_education_Destiny,Bear,Education,55516.0,1978.0,,2001673.82,1000836.91,18.027900244974422
Bear_public_Arlean,Bear,Public services,130581.0,1970.0,,2234331.2575,1117165.62875,8.555345944279795
Bear_education_Sharon,Bear,Education,56637.0,1953.0,,1968074.2886,984037.1443,17.37445740946731
Bear_education_Chana,Bear,Education,40706.0,1958.0,,374294.1202,187147.0601,4.5975300963003
Bear_education_Yuri,Bear,Education,40835.0,1931.0,,314634.951,157317.4755,3.8525156238520877
Bear_education_Wm,Bear,Education,93420.0,1948.0,,882652.0442,441326.0221,4.7241064236780135
Bear_education_Oscar,Bear,Education,23533.0,1906.0,,204860.9412,102430.4706,4.352631224238304
Bear_education_Clint,Bear,Education,41297.0,1959.0,,993065.5293,496532.76465,12.023458475191903
Bear_parking_Gordon,Bear,Parking,98539.0,1989.0,,485816.81440000003,242908.40720000002,2.465099170886654
Bear_education_Herman,Bear,Education,4000.0,1910.0,,4982.884,2491.442,0.6228605
Bear_education_Millie,Bear,Education,7122.0,1909.0,,58486.2492,29243.1246,4.106027042965459
Bear_education_Tara,Bear,Education,7900.0,1923.0,,59514.8067,29757.40335,3.766759917721519
Bear_education_Santos,Bear,Education,14524.0,1964.0,,149369.2583,74684.62915,5.142152929633709
Bear_assembly_Jose,Bear,Entertainment/public assembly,36180.0,1966.0,,4501250.9784,2250625.4892,62.206342985074635
Bear_education_Alvaro,Bear,Education,109588.0,1994.0,,7334013.303,3667006.6515,33.461753581596525
Bear_education_Lidia,Bear,Education,30401.0,,,223842.37,111921.185,3.68149682576231
Bear_education_Marsha,Bear,Education,110919.0,1941.0,,1540458.3553,770229.17765,6.94406889396767
Bear_assembly_Genia,Bear,Entertainment/public assembly,261091.0,1923.0,,4536944.4954,2268472.2477,8.688435249395805
Bear_education_Wilton,Bear,Education,304333.0,2006.0,,27445710.78,13722855.39,45.091578599757504
Bear_education_Iris,Bear,Education,58733.0,1923.0,,798299.5776,399149.7888,6.796005462006027
Bear_education_Zandra,Bear,Education,154706.0,2009.0,,17069512.0644,8534756.0322,55.16758259020335
Bear_education_Fannie,Bear,Education,116121.0,1996.0,,7386073.9537,3693036.97685,31.80335147690771
Bear_education_Leonel,Bear,Education,75228.0,1993.0,,2084209.5298,1042104.7649,13.852618239219439
Bear_education_Shelley,Bear,Education,240884.0,1962.0,,2850974.4918,1425487.2459,5.917733207269889
Bear_parking_Bruce,Bear,Parking,306140.0,2007.0,,734091.1498,367045.5749,1.1989468050565102
Bear_education_Augusta,Bear,Education,150887.0,1959.0,,2016404.8507,1008202.42535,6.681837569505657
Bear_education_Chad,Bear,Education,420885.0,1930.0,,17514296.7046,8757148.3523,20.806510928876058
Bear_education_Laurette,Bear,Education,43910.0,1912.0,,891045.6569000001,445522.82845000003,10.146272567752222
Bear_education_Elise,Bear,Education,222434.0,1964.0,,2548711.3676,1274355.6838,5.7291407060071755
Lamb_other_Minerva,Lamb,Other,5619.0,1976.0,,147058.823,73529.4115,13.085853621640862
Lamb_other_Katharina,Lamb,Other,5769.0,1976.0,,162694.4433,81347.22165,14.10074911596464
Lamb_education_Emery,Lamb,Education,109071.0,1966.0,,687675.4548,343837.7274,3.152421151360123
Lamb_assembly_Corliss,Lamb,Entertainment/public assembly,31075.0,1976.0,,157815.7003,78907.85015,2.5392711230893
Lamb_assembly_Jerry,Lamb,Entertainment/public assembly,11162.0,1919.0,,34809.7731,17404.88655,1.5592982037269305
Lamb_assembly_Cesar,Lamb,Entertainment/public assembly,15306.0,1976.0,,178287.829,89143.9145,5.824115673592055
Lamb_assembly_Steven,Lamb,Entertainment/public assembly,5447.0,1976.0,,62753.0764,31376.5382,5.760333798421149
Lamb_assembly_Isa,Lamb,Entertainment/public assembly,7427.0,1976.0,,31067.7333,15533.86665,2.0915398747812035
Lamb_assembly_Dillon,Lamb,Entertainment/public assembly,57189.0,1976.0,,389560.6205,194780.31025,3.405905160957527
Lamb_assembly_Kurt,Lamb,Entertainment/public assembly,7352.0,1945.0,,23809.5006,11904.7503,1.6192533052230684
Lamb_assembly_Elinor,Lamb,Entertainment/public assembly,49492.0,1976.0,,393004.3451,196502.17255,3.9703825375818314
Lamb_assembly_Dorathy,Lamb,Entertainment/public assembly,8773.0,1966.0,,37723.985,18861.9925,2.1500048444089823
Lamb_assembly_Ossie,Lamb,Entertainment/public assembly,12045.0,1976.0,,64512.5279,32256.26395,2.677979572436696
Lamb_assembly_Alden,Lamb,Entertainment/public assembly,8730.0,1976.0,,21637.9487,10818.97435,1.239286867124857
Lamb_assembly_Theresa,Lamb,Entertainment/public assembly,10656.0,1976.0,,47155.3669,23577.68345,2.2126204438813812
Lamb_assembly_Delilah,Lamb,Entertainment/public assembly,31075.0,1976.0,,112950.0467,56475.02335,1.8173780643604185
Lamb_assembly_Walter,Lamb,Entertainment/public assembly,15715.0,1966.0,,48622.9335,24311.46675,1.5470230194082086
Lamb_assembly_Nicole,Lamb,Entertainment/public assembly,6910.0,1945.0,,25094.1835,12547.09175,1.815787518089725
Lamb_assembly_Cherie,Lamb,Entertainment/public assembly,47275.0,1976.0,,966409.8695,483204.93475,10.2211514489688
Lamb_assembly_Tawana,Lamb,Entertainment/public assembly,9494.0,1945.0,,71403.8754,35701.9377,3.7604737413103013
Lamb_assembly_Tasha,Lamb,Entertainment/public assembly,4768.0,1976.0,,159973.6412,79986.8206,16.775759354026846
Lamb_health_Ken,Lamb,Healthcare,18471.0,1966.0,,287999.0296,143999.5148,7.795978279465108
Lamb_lodging_Burt,Lamb,Lodging/residential,7589.0,1976.0,,35987.5561,17993.77805,2.3710341349321387
Lamb_industrial_Venessa,Lamb,Manufacturing/industrial,6329.0,1919.0,,110935.6538,55467.8269,8.764074403539263
Lamb_industrial_Willard,Lamb,Manufacturing/industrial,10387.0,1976.0,,32424.1533,16212.07665,1.5608045297005873
Lamb_assembly_Louis,Lamb,Entertainment/public assembly,36307.0,1976.0,,278277.4847,139138.74235,3.8322841972622355
Lamb_assembly_Bertie,Lamb,Entertainment/public assembly,149704.0,1976.0,,1294469.9582,647234.9791,4.323431432025864
Lamb_lodging_Harley,Lamb,Lodging/residential,17082.0,1919.0,,53919.1329,26959.56645,1.578244142957499
Lamb_industrial_Carla,Lamb,Manufacturing/industrial,90697.0,1976.0,,2242685.4426,1121342.7213,12.363614246336704
Lamb_public_Nyla,Lamb,Public services,7072.0,1919.0,,61097.4087,30548.70435,4.319669732748869
Lamb_public_Grace,Lamb,Public services,60977.0,1976.0,,674409.648,337204.824,5.530033028846943
Lamb_public_Vania,Lamb,Public services,43400.0,1976.0,,305382.1197,152691.05985,3.518227185483871
Lamb_public_Gracie,Lamb,Public services,9849.0,1976.0,,52214.0762,26107.0381,2.6507298304396385
Lamb_public_Angeline,Lamb,Public services,41861.0,1919.0,,315226.2432,157613.1216,3.7651542390291683
Lamb_food_Sylvia,Lamb,Food sales and service,35306.0,1919.0,,176080.5304,88040.2652,2.49363465699881
Lamb_assembly_Dorothy,Lamb,Entertainment/public assembly,64153.0,,,681711.7703,340855.88515,5.313171405078484
Lamb_office_William,Lamb,Office,7879.0,1919.0,,25221.0998,12610.5499,1.6005267038964335
Lamb_office_Peggy,Lamb,Office,4650.0,1976.0,,31869.5926,15934.7963,3.4268379139784946
Lamb_office_Velma,Lamb,Office,152471.0,1919.0,,1598491.5633,799245.78165,5.241952775609788
Lamb_office_Vasiliki,Lamb,Office,270034.0,1976.0,,5310789.8017,2655394.90085,9.833557629224467
Lamb_office_Jo,Lamb,Office,16598.0,1976.0,,19833.953,9916.9765,0.5974802084588505
Lamb_office_Maggie,Lamb,Office,12206.0,1976.0,,43397.184,21698.592,1.777698836637719
Lamb_office_Caitlin,Lamb,Office,36221.0,1976.0,,434125.539,217062.7695,5.992732655089589
Lamb_office_Gerardo,Lamb,Office,52302.0,1966.0,,152914.2301,76457.11505,1.461839223165462
Lamb_office_Stefani,Lamb,Office,11442.0,1976.0,,183900.3743,91950.18715,8.036198841985666
Lamb_office_Raymond,Lamb,Office,19429.0,1945.0,,121883.4201,60941.71005,3.1366364738277834
Lamb_office_Callie,Lamb,Office,7416.0,1976.0,,59228.5834,29614.2917,3.9932971548004317
Lamb_office_Bertha,Lamb,Office,57436.0,1976.0,,864435.4652,432217.7326,7.525206013649975
Lamb_education_Ruben,Lamb,Education,16985.0,1976.0,,91842.7746,45921.3873,2.703643644392111
Lamb_education_Manuel,Lamb,Education,30613.0,1976.0,,154695.7789,77347.88945,2.526635398360174
Lamb_education_Mae,Lamb,Education,121062.0,1976.0,,902797.075,451398.5375,3.728655874675786
Lamb_education_Princess,Lamb,Education,19041.0,1976.0,,115670.5784,57835.2892,3.037408182343364
Lamb_education_Bettye,Lamb,Education,28976.0,1919.0,,153303.0655,76651.53275,2.645345553216455
Lamb_education_Aldo,Lamb,Education,7922.0,1966.0,,25892.4012,12946.2006,1.634208608937137
Lamb_education_Lucas,Lamb,Education,18697.0,1919.0,,79872.3989,39936.19945,2.1359683077499065
Lamb_education_Freddy,Lamb,Education,12970.0,1976.0,,47339.496399999996,23669.748199999998,1.8249613107170393
Lamb_education_Moses,Lamb,Education,13939.0,1976.0,,113893.0387,56946.51935,4.08540923667408
Lamb_education_Sara,Lamb,Education,93764.0,1945.0,,550502.0003,275251.00015,2.935572289471439
Lamb_education_Phil,Lamb,Education,10915.0,1976.0,,54667.2832,27333.6416,2.5042273568483737
Lamb_education_Sabrina,Lamb,Education,11464.0,1976.0,,56732.5852,28366.2926,2.474380024424285
Lamb_education_Darrel,Lamb,Education,128682.0,1966.0,,730043.9549,365021.97745,2.8366203311263427
Lamb_education_Isabelle,Lamb,Education,24251.0,1966.0,,209355.762,104677.881,4.316435652138056
Lamb_education_Norris,Lamb,Education,34563.0,1966.0,,160583.622,80291.811,2.3230567659057373
Lamb_education_Logan,Lamb,Education,23164.0,1976.0,,56049.4734,28024.7367,1.2098401269210846
Lamb_education_Rick,Lamb,Education,17050.0,1966.0,,100739.5454,50369.7727,2.9542388680351905
Lamb_education_Gabriel,Lamb,Education,23605.0,1976.0,,123950.7706,61975.3853,2.6255193941961448
Lamb_education_Gabrielle,Lamb,Education,27685.0,1919.0,,82746.9261,41373.46305,1.4944360863283366
Lamb_education_Kayla,Lamb,Education,26027.0,1919.0,,132669.532,66334.766,2.548690436854036
Lamb_education_Hubert,Lamb,Education,11270.0,1976.0,,126780.7981,63390.39905,5.624702666370896
Lamb_education_Harold,Lamb,Education,12788.0,1966.0,,72072.1377,36036.06885,2.8179597161401317
Lamb_education_Dolly,Lamb,Education,23185.0,1966.0,,77041.04,38520.52,1.661441449212853
Lamb_education_Antonio,Lamb,Education,102429.0,1945.0,,681156.4399,340578.21995,3.3250175238457857
Lamb_education_Lawrence,Lamb,Education,23067.0,1976.0,,127514.1165,63757.05825,2.763994375081285
Lamb_education_Hellen,Lamb,Education,12088.0,1919.0,,58291.9197,29145.95985,2.4111482337855725
Lamb_education_Daniel,Lamb,Education,15414.0,1976.0,,136829.7519,68414.87595,4.438489421954068
Lamb_education_Wilbert,Lamb,Education,23842.0,1945.0,,124602.5867,62301.29335,2.6130900658501806
Lamb_education_Salvador,Lamb,Education,27663.0,1966.0,,113278.2178,56639.1089,2.0474680584173806
Lamb_education_Sylvester,Lamb,Education,22949.0,1976.0,,52358.998,26179.499,1.1407686173689486
Lamb_education_Dwayne,Lamb,Education,14973.0,1976.0,,106184.4496,53092.2248,3.5458642089093706
Lamb_education_Marc,Lamb,Education,8730.0,1976.0,,150883.2569,75441.62845,8.641652743413516
Lamb_education_Stefan,Lamb,Education,23153.0,1976.0,,126137.6478,63068.8239,2.7240022416101586
Lamb_education_Hui,Lamb,Education,37265.0,1919.0,,189887.135,94943.5675,2.5477946464510937
Lamb_education_Randal,Lamb,Education,28826.0,1976.0,,143037.283,71518.6415,2.481046329702352
Lamb_education_Bert,Lamb,Education,25866.0,1919.0,,103585.8287,51792.91435,2.002354996907137
Lamb_education_Maxwell,Lamb,Education,28363.0,1919.0,,95963.0703,47981.53515,1.691694642668265
Lamb_education_Sunny,Lamb,Education,18202.0,1919.0,,111582.0127,55791.00635,3.0651030848258434
Lamb_education_Junior,Lamb,Education,121471.0,1966.0,,776798.9708,388399.4854,3.1974667649068502
Lamb_education_Augustine,Lamb,Education,31635.0,1966.0,,95867.1997,47933.59985,1.515207834676782
Lamb_education_Terina,Lamb,Education,160038.0,1966.0,,1458710.6281,729355.31405,4.557388333083393
Lamb_education_Ira,Lamb,Education,11281.0,1976.0,,46379.6685,23189.83425,2.0556541308394647
Lamb_education_Nathan,Lamb,Education,31614.0,1976.0,,70903.5077,35451.75385,1.12139412443854
Lamb_education_Lemuel,Lamb,Education,17104.0,1966.0,,138401.6101,69200.80505,4.045884298994387
Lamb_education_Williams,Lamb,Education,88856.0,1976.0,,462223.4353,231111.71765,2.6009691821598993
Lamb_education_Hilary,Lamb,Education,13789.0,1919.0,,67547.2522,33773.6261,2.4493165639277685
Lamb_education_Armando,Lamb,Education,120566.0,1945.0,,713730.0525,356865.02625,2.9599142896836588
Lamb_education_Ellen,Lamb,Education,22184.0,1919.0,,84707.7172,42353.8586,1.9092074738550306
Lamb_education_Domitila,Lamb,Education,139113.0,1976.0,,982457.8029,491228.90145,3.531150226434625
Lamb_education_Maritza,Lamb,Education,30300.0,1966.0,,101034.4737,50517.23685,1.6672355396039604
Lamb_education_Faith,Lamb,Education,17190.0,1919.0,,132973.8906,66486.9453,3.867768778359512
Lamb_education_Patsy,Lamb,Education,32195.0,1919.0,,95243.6815,47621.84075,1.4791688383289332
Lamb_education_Mckenzie,Lamb,Education,126045.0,1966.0,,670961.3759,335480.68795,2.661594572969971
Lamb_education_Wanda,Lamb,Education,11690.0,1976.0,,58468.5016,29234.2508,2.5007913430282294
Lamb_education_Debby,Lamb,Education,31872.0,1919.0,,146014.973,73007.4865,2.2906465392821285
Lamb_education_Hillary,Lamb,Education,24090.0,1976.0,,79455.961,39727.9805,1.649148215026982
Lamb_education_Larissa,Lamb,Education,27502.0,1976.0,,115171.5594,57585.7797,2.0938760708312123
Lamb_education_Fred,Lamb,Education,29149.0,1919.0,,144856.8728,72428.4364,2.484765734673574
Lamb_education_Carlton,Lamb,Education,35768.0,1966.0,,198528.8229,99264.41145,2.7752295753187206
Lamb_education_Rodrigo,Lamb,Education,66187.0,1976.0,,604170.1434,302085.0717,4.564114882076541
Lamb_education_Marty,Lamb,Education,12927.0,1976.0,,79885.5524,39942.7762,3.0898720662179935
Lamb_education_Heidi,Lamb,Education,23293.0,1976.0,,124494.1579,62247.07895,2.672351305113124
Lamb_education_Jane,Lamb,Education,29891.0,1966.0,,162275.54320000001,81137.77160000001,2.7144549061590446
Lamb_education_Garry,Lamb,Education,33982.0,1976.0,,120208.8827,60104.44135,1.7687140647990112
Lamb_education_Felipe,Lamb,Education,96929.0,1966.0,,478163.7986,239081.8993,2.46656727398405
Lamb_education_Vaughn,Lamb,Education,28191.0,1919.0,,103197.0853,51598.54265,1.8303196995495017
Lamb_education_Luz,Lamb,Education,155807.0,2013.0,,1343234.0649,671617.03245,4.310570336698608
Lamb_education_Leopoldo,Lamb,Education,42883.0,1976.0,,112096.3944,56048.1972,1.307002709698482
Lamb_education_Robin,Lamb,Education,94658.0,1976.0,,670409.2059,335204.60295,3.5412178891377377
Lamb_education_Kasha,Lamb,Education,25134.0,1966.0,,94165.538,47082.769,1.8732700326251293
Lamb_education_Traci,Lamb,Education,14790.0,1976.0,,39758.1494,19879.0747,1.344088891142664
Lamb_education_Lazaro,Lamb,Education,95433.0,1966.0,,345752.4582,172876.2291,1.8114931847474143
Lamb_education_Philomena,Lamb,Education,137046.0,1966.0,,664954.4991,332477.24955,2.4260266592968787
Lamb_education_Chet,Lamb,Education,11603.0,1945.0,,38897.9461,19448.97305,1.6762021072136517
Lamb_education_Emilie,Lamb,Education,14025.0,1966.0,,80641.3337,40320.66685,2.8749138573975044
Lamb_education_Felicia,Lamb,Education,23487.0,1966.0,,75567.8454,37783.9227,1.60871642610806
Lamb_assembly_Librada,Lamb,Entertainment/public assembly,31829.0,1976.0,,548706.1109,274353.05545,8.61959393791825
Lamb_assembly_Rosa,Lamb,Entertainment/public assembly,12185.0,1976.0,,1946941.4035,973470.70175,79.89090699630694
Lamb_assembly_Katelyn,Lamb,Entertainment/public assembly,48642.0,1919.0,,493079.1873,246539.59365,5.0684510022203035
Lamb_warehouse_Allan,Lamb,Warehouse/storage,15683.0,1966.0,,223838.1467,111919.07335,7.136330635082574
Peacock_education_Anita,Peacock,Education,13512.0,,,202567.4265,101283.71325,7.495834313943162
Peacock_office_Burl,Peacock,Office,17879.0,,,1054576.7329,527288.36645,29.49205025169193
Peacock_education_Patience,Peacock,Education,30531.0,,,478504.7617,239252.38085,7.8363755150502765
Peacock_office_Norman,Peacock,Office,32766.0,,,637827.2037,318913.60185,9.73306481871452
Peacock_lodging_Francesca,Peacock,Lodging/residential,35936.0,,,677116.8374,338558.4187,9.421149229185218
Peacock_education_Pasquale,Peacock,Education,35990.0,,,3259032.4697,1629516.23485,45.27691677827174
Peacock_education_Yolanda,Peacock,Education,39558.0,,,657788.6903,328894.34515,8.31423087997371
Peacock_office_Julian,Peacock,Office,42129.0,,,434116.6481,217058.32405,5.1522306261719955
Peacock_lodging_Chloe,Peacock,Lodging/residential,44352.0,,,561539.5448,280769.7724,6.330487292568543
Peacock_lodging_Terrie,Peacock,Lodging/residential,47007.0,,,704038.4848,352019.2424,7.488655783181228
Peacock_lodging_Nova,Peacock,Lodging/residential,48519.0,,,333091.2529,166545.62645,3.4325857179661576
Peacock_office_Dara,Peacock,Office,49990.0,,,2845710.4942,1422855.2471,28.4627975015003
Peacock_assembly_Socorro,Peacock,Entertainment/public assembly,52534.0,,,386178.9822,193089.4911,3.6755147352190964
Peacock_education_Shelly,Peacock,Education,53651.0,,,1971826.0491,985913.02455,18.37641469031332
Peacock_education_Robbie,Peacock,Education,58307.0,,,770284.584,385142.292,6.605421167269796
Peacock_assembly_Russ,Peacock,Entertainment/public assembly,58562.0,,,2427549.3502,1213774.6751,20.726318689593935
Peacock_office_Annie,Peacock,Office,64818.0,,,1342922.1004,671461.0502,10.359175695022989
Peacock_office_Major,Peacock,Office,70042.0,,,3532629.2149,1766314.60745,25.217935059678478
Peacock_education_Joshua,Peacock,Education,75929.0,,,8110687.2084,4055343.6042,53.409680151193875
Peacock_education_Forest,Peacock,Education,77263.0,,,1549582.3037,774791.15185,10.02797136857228
Peacock_education_Dustin,Peacock,Education,80325.0,,,805836.227,402918.1135,5.016098518518518
Peacock_lodging_James,Peacock,Lodging/residential,82911.0,,,1052689.7453,526344.87265,6.348311715574532
Peacock_lodging_Mathew,Peacock,Lodging/residential,93313.0,,,955974.7616,477987.3808,5.122409319173105
Peacock_lodging_Matthew,Peacock,Lodging/residential,93500.0,,,1044694.3747,522347.18735,5.586600934224599
Peacock_office_Elton,Peacock,Office,104355.0,,,2773889.8973,1386944.94865,13.290642026256528
Peacock_office_Effie,Peacock,Office,104667.0,,,1536994.9855,768497.49275,7.342309350129458
Peacock_lodging_Wes,Peacock,Lodging/residential,105791.0,,,2837021.0524,1418510.5262,13.408612511461277
Peacock_assembly_Dena,Peacock,Entertainment/public assembly,108339.0,,,4199866.9022,2099933.4511,19.38298720774606
Peacock_lodging_Sergio,Peacock,Lodging/residential,113000.0,,,1687010.8842,843505.4421,7.464649930088496
Peacock_education_Ophelia,Peacock,Education,120836.0,,,12262933.3811,6131466.69055,50.74205278683505
Peacock_lodging_Lou,Peacock,Lodging/residential,128044.0,,,2065980.4326,1032990.2163,8.067462874480647
Peacock_education_Karyn,Peacock,Education,129344.0,,,8268183.0207,4134091.51035,31.961989039692604
Peacock_education_Lyle,Peacock,Education,190817.0,,,11718781.9483,5859390.97415,30.706860364380532
Peacock_education_Gilberto,Peacock,Education,250000.0,,,18014682.7828,9007341.3914,36.0293655656
Peacock_lodging_Jamaal,Peacock,Lodging/residential,278795.0,,,3790272.3124,1895136.1562,6.797597360784806
Peacock_public_Kelvin,Peacock,Public services,401753.0,,,4989941.3494,2494970.6747,6.210210439498896
Moose_education_Ricardo,Moose,Education,150695.0,,,5419186.6452,2709593.3226,17.98064516141876
Moose_education_Lori,Moose,Education,150695.0,1964.0,,3500201.4837,1750100.74185,11.613528928298882
Moose_education_Gladys,Moose,Education,731945.0,1969.0,,19517811.0455,9758905.52275,13.332839930254321
Moose_education_Maria,Moose,Education,387500.0,1960.0,,13221679.9634,6610839.9817,17.06023221083871
Moose_education_Marlon,Moose,Education,226042.0,1965.0,,3239730.1518,1619865.0759,7.166212809566364
Moose_education_Clark,Moose,Education,764237.0,1979.0,,14801507.028,7400753.514,9.683846128884102
Moose_education_Rene,Moose,Education,409028.0,1970.0,,8441367.4422,4220683.7211,10.31881367803671
Moose_education_Leland,Moose,Education,527431.0,1976.0,,17241332.8596,8620666.4298,16.344633572543138
Moose_education_Marina,Moose,Education,64583.0,1955.0,,708351.8796,354175.9398,5.484042856479259
Moose_education_Abbie,Moose,Education,484376.0,1952.0,,21869330.6295,10934665.31475,22.57474630194312
Gator_office_Carrie,Gator,Office,268963.0,,,11962538.9878,5981269.4939,22.238261373869268
Gator_office_Lucy,Gator,Office,175618.0,,,3444393.9978,1722196.9989,9.806494772175974
Gator_assembly_Lelia,Gator,Entertainment/public assembly,3200.0,,,57528.0071,28764.00355,8.988751109375
Gator_other_Elfriede,Gator,Other,28693.0,,,838524.9759,419262.48795,14.612012963092043
Gator_assembly_Maurine,Gator,Entertainment/public assembly,3000.0,,,204630.0493,102315.02465,34.10500821666667
Gator_assembly_Milton,Gator,Entertainment/public assembly,520.0,,,10313.9387,5156.96935,9.91724875
Gator_assembly_Joni,Gator,Entertainment/public assembly,3729.0,,,69104.9474,34552.4737,9.265881925449182
Gator_public_Ross,Gator,Public services,4848.0,,,132576.0059,66288.00295,13.673267935231022
Gator_assembly_Regina,Gator,Entertainment/public assembly,9894.0,,,294335.0338,147167.5169,14.87442054780675
Gator_public_Clara,Gator,Public services,5630.0,,,194628.9973,97314.49865,17.284990879218473
Gator_public_Philip,Gator,Public services,4371.0,,,42088.9772,21044.4886,4.814570716083276
Gator_assembly_Alexa,Gator,Entertainment/public assembly,666.0,,,4180.9377,2090.46885,3.1388421171171172
Gator_assembly_Daisy,Gator,Entertainment/public assembly,356.0,,,45905.9976,22952.9988,64.47471573033708
Gator_public_Beulah,Gator,Public services,3648.0,,,127181.9945,63590.99725,17.431742667214913
Gator_public_Tiffany,Gator,Public services,6351.0,,,235536.0245,117768.01225,18.54322346874508
Gator_assembly_Lilli,Gator,Entertainment/public assembly,648.0,,,42353.9746,21176.9873,32.68053595679012
Gator_other_Gertrude,Gator,Other,2555.0,,,39382.9971,19691.49855,7.707044442270059
Gator_assembly_Bailey,Gator,Entertainment/public assembly,366.0,,,15556.9888,7778.4944,21.25271693989071
Gator_public_Marcie,Gator,Public services,35253.0,,,1581131.9961,790565.99805,22.425495647178966
Gator_public_Kendall,Gator,Public services,7820.0,,,274779.97490000003,137389.98745000002,17.569052103580564
Gator_public_Dewey,Gator,Public services,3592.0,,,104487.9871,52243.99355,14.544541634187082
Gator_public_Randall,Gator,Public services,19446.0,,,1027198.9895,513599.49475,26.41157537539854
Gator_office_Betty,Gator,Office,5839.0,,,499205.9989,249602.99945,42.74755941942114
Gator_warehouse_Stacie,Gator,Warehouse/storage,15879.0,,,318699.9997,159349.99985,10.035266695005982
Gator_warehouse_Constance,Gator,Warehouse/storage,15120.0,,,240187.9757,120093.98785,7.942724064153439
Gator_assembly_Loyce,Gator,Entertainment/public assembly,4065.0,,,353884.0122,176942.0061,43.52816878228782
Gator_public_Noe,Gator,Public services,26507.0,,,921433.979,460716.9895,17.38095557777191
Gator_public_Nettie,Gator,Public services,6392.0,,,255904.0144,127952.0072,20.01752302878598
Gator_public_Lindsey,Gator,Public services,4934.0,,,445290.0622,222645.0311,45.12465162140251
Gator_assembly_Marjorie,Gator,Entertainment/public assembly,17220.0,,,831328.0286,415664.0143,24.138444500580718
Gator_public_Leroy,Gator,Public services,8168.0,,,356634.9909,178317.49545,21.831231078599412
Gator_public_Alexandra,Gator,Public services,33246.0,,,396190.0333,198095.01665,5.958461669072971
Gator_public_Dale,Gator,Public services,18414.0,,,683969.9743,341984.98715,18.572009729010535
Gator_office_Hunter,Gator,Office,14150.0,,,622256.2292,311128.1146,21.987852621908125
Gator_other_Reginald,Gator,Other,41861.0,,,879819.9825,439909.99125,10.508826622632045
Gator_office_Julie,Gator,Office,5680.0,,,130076.0169,65038.00845,11.450353600352113
Gator_public_Latasha,Gator,Public services,7292.0,,,310800.0053,155400.00265,21.311026145090512
Gator_assembly_Enid,Gator,Entertainment/public assembly,5380.0,,,133227.0469,66613.52345,12.381695808550184
Gator_assembly_Stacy,Gator,Entertainment/public assembly,860.0,,,3689.3424,1844.6712,2.144966511627907
Gator_assembly_Virgie,Gator,Entertainment/public assembly,481.0,,,6587.965,3293.9825,6.848196465696466
Gator_assembly_Gene,Gator,Entertainment/public assembly,9303.0,,,363510.0342,181755.0171,19.537247887778136
Gator_office_Merle,Gator,Office,8552.0,,,19447.0006,9723.5003,1.1369855355472405
Gator_public_Lona,Gator,Public services,6448.0,,,23909.9874,11954.9937,1.854062298387097
Gator_public_Janna,Gator,Public services,28590.0,,,1528152.005,764076.0025,26.725288649877577
Gator_public_Jayme,Gator,Public services,16682.0,,,1632704.9666,816352.4833,48.93612776046037
Gator_public_Geraldine,Gator,Public services,10800.0,,,342327.9637,171163.98185,15.848516837962965
Gator_assembly_Blanca,Gator,Entertainment/public assembly,92288.0,,,12397202.9964,6198601.4982,67.16584494408808
Gator_office_August,Gator,Office,48300.0,,,891459.9912,445729.9956,9.228364298136647
Gator_assembly_Selma,Gator,Entertainment/public assembly,2956.0,,,25173.9737,12586.98685,4.258114631258457
Gator_other_Minda,Gator,Other,1566.0,,,88868.0039,44434.00195,28.374203033205617
Gator_public_Marissa,Gator,Public services,4000.0,,,238659.993,119329.9965,29.832499125
Gator_other_Glen,Gator,Other,12259.0,,,47385.024,23692.512,1.932662696794192
Gator_other_Russel,Gator,Other,4276.0,,,161689.86239999998,80844.93119999999,18.906672404115994
Gator_other_Cassandra,Gator,Other,27640.0,,,401103.5392,200551.7696,7.2558527351664255
Gator_public_Everette,Gator,Public services,19823.0,,,1684376.0274,842188.0137,42.4853964435252
Gator_public_Kenny,Gator,Public services,16584.0,,,1521448.1773,760724.08865,45.870965306922336
Gator_public_Dionna,Gator,Public services,10174.0,,,293276.0061,146638.00305,14.413013863770395
Gator_public_Cheri,Gator,Public services,10174.0,,,294496.0017,147248.00085,14.472970400039317
Gator_public_Natasha,Gator,Public services,65913.0,,,2045209.9903,1022604.99515,15.514465964984145
Gator_public_Maude,Gator,Public services,60000.0,,,1642189.9894,821094.9947,13.684916578333334
Gator_assembly_Kimberly,Gator,Entertainment/public assembly,875000.0,,,24441344.0147,12220672.00735,13.966482294114286
Gator_assembly_Lucia,Gator,Entertainment/public assembly,755.0,,,92579.978,46289.989,61.311243708609275
Gator_assembly_Kayleigh,Gator,Entertainment/public assembly,1536.0,,,115712.1234,57856.0617,37.6667068359375
Gator_public_Erika,Gator,Public services,3627.0,,,104497.9765,52248.98825,14.405566101461263
Gator_office_Lisa,Gator,Office,40142.0,,,3037660.0289,1518830.01445,37.83643103108963
Bull_office_Lilla,Bull,Office,181805.0,,,8054000.0,4027000.0,22.150105882676495
Bull_lodging_Caren,Bull,Lodging/residential,177708.0,,,2449474.0,1224737.0,6.891850676390483
Bull_education_Clarice,Bull,Education,55240.0,,,545826.0,272913.0,4.940496017378711
Bull_office_Hilton,Bull,Office,8004.0,,,111677.0,55838.5,6.976324337831085
Bull_lodging_Leonard,Bull,Lodging/residential,41241.0,,,591556.0,295778.0,7.171940544603671
Bull_education_Roseann,Bull,Education,110235.0,,,4304141.5,2152070.75,19.52257223204971
Bull_education_Brenda,Bull,Education,157723.0,,,2529664.242,1264832.121,8.01932578634695
Bull_assembly_Nick,Bull,Entertainment/public assembly,344798.0,,,16230003.0,8115001.5,23.535523697933282
Bull_education_Brady,Bull,Education,39143.0,,,581222.5,290611.25,7.424347903839767
Bull_education_Antonia,Bull,Education,399331.0,,,8290382.5,4145191.25,10.380339242382885
Bull_education_Dakota,Bull,Education,38598.0,,,956783.0,478391.5,12.394204362920359
Bull_lodging_Terence,Bull,Lodging/residential,40697.0,,,417270.5,208635.25,5.126551097132467
Bull_education_Annette,Bull,Education,69799.0,,,1894232.5,947116.25,13.569195117408558
Bull_lodging_Perry,Bull,Lodging/residential,69754.0,,,912967.5,456483.75,6.544194598159246
Bull_assembly_Vanessa,Bull,Entertainment/public assembly,137522.0,,,2333312.0,1166656.0,8.483413562920841
Bull_education_Lydia,Bull,Education,126077.0,,,1759531.0,879765.5,6.978001538742197
Bull_education_Kristal,Bull,Education,202937.0,,,7024978.5,3512489.25,17.308274242745284
Bull_education_Bryon,Bull,Education,50846.0,,,610809.5,305404.75,6.006465602013924
Bull_services_Juanita,Bull,Services,481999.0,,,2172701.5,1086350.75,2.2538444063161958
Bull_education_Reynaldo,Bull,Education,47191.0,,,559219.0,279609.5,5.9250598631094915
Bull_education_Reina,Bull,Education,101555.0,,,1380456.5,690228.25,6.796595440894097
Bull_education_Sebastian,Bull,Education,55087.0,,,662547.0,331273.5,6.013642057109663
Bull_education_Miquel,Bull,Education,245637.0,,,4442926.5,2221463.25,9.043683362034221
Bull_education_Summer,Bull,Education,37775.0,,,535010.0,267505.0,7.081535407015222
Bull_public_Jefferson,Bull,Public services,64749.0,,,665425.5,332712.75,5.138500208497429
Bull_education_Pamela,Bull,Education,225014.0,,,3069166.0,1534583.0,6.819944536784378
Bull_education_Fabiola,Bull,Education,111623.0,,,3206716.0,1603358.0,14.364046836225508
Bull_education_Miranda,Bull,Education,107730.0,,,2877655.0,1438827.5,13.35586651814722
Bull_education_Carl,Bull,Education,275793.0,,,10842377.0,5421188.5,19.65672986624026
Bull_lodging_Lettie,Bull,Lodging/residential,39648.0,,,592288.0,296144.0,7.469330104923325
Bull_lodging_Carie,Bull,Lodging/residential,39649.0,,,950473.0,475236.5,11.986090443642967
Bull_assembly_Brandon,Bull,Entertainment/public assembly,44564.0,,,1327606.0,663803.0,14.895498608742482
Bull_education_Mario,Bull,Education,91254.0,,,1788737.5,894368.75,9.800871742608543
Bull_assembly_Katia,Bull,Entertainment/public assembly,66121.0,,,2088058.0,1044029.0,15.789673477412622
Bull_office_Myron,Bull,Office,60096.0,,,1092665.5,546332.75,9.091000232960596
Bull_education_Krista,Bull,Education,239638.0,,,4944985.5,2472492.75,10.317615528422037
Bull_education_Venita,Bull,Education,52559.0,,,657707.0,328853.5,6.256844688825891
Bull_assembly_Beau,Bull,Entertainment/public assembly,503634.0,,,9049301.5,4524650.75,8.984005746236354
Bull_education_Brain,Bull,Education,229973.0,,,6464757.5,3232378.75,14.055470642205824
Bull_education_Nichole,Bull,Education,205141.0,,,3444636.5,1722318.25,8.39577778211084
Bull_education_Pablo,Bull,Education,51778.0,,,659077.0,329538.5,6.364450152574452
Bull_education_Arthur,Bull,Education,237702.0,,,6991869.5,3495934.75,14.70721638858739
Bull_education_Elva,Bull,Education,60621.0,,,1018548.5,509274.25,8.400954289767572
Bull_education_Brandi,Bull,Education,31233.0,,,480083.5,240041.75,7.685516921205136
Bull_education_Magaret,Bull,Education,85623.0,,,1235091.0,617545.5,7.212378683297712
Bull_assembly_Lance,Bull,Entertainment/public assembly,262162.0,,,7785731.5,3892865.75,14.849084726237974
Bull_education_Genie,Bull,Education,147205.0,,,2152857.5,1076428.75,7.312446927753813
Bull_education_Geneva,Bull,Education,24992.0,,,524375.0,262187.5,10.490857074263765
Bull_assembly_Nathanial,Bull,Entertainment/public assembly,252268.0,,,3686030.88,1843015.44,7.305783690361045
Bull_education_Patrina,Bull,Education,54405.0,,,315719.0,157859.5,2.901562356401066
Bull_education_Lyn,Bull,Education,26033.0,,,437617.5,218808.75,8.405053201705527
Bull_lodging_Travis,Bull,Lodging/residential,745671.0,,,14444159.5,7222079.75,9.68534346917072
Bull_education_Kendra,Bull,Education,179115.0,,,8052814.0,4026407.0,22.47945174887642
Bull_education_Clarita,Bull,Education,199628.0,,,5730354.0,2865177.0,14.352580800288537
Bull_office_Nicolas,Bull,Office,20917.0,,,347706.0,173853.0,8.311564755940145
Bull_education_Roland,Bull,Education,216050.0,,,4020597.0,2010298.5,9.304783614903958
Bull_lodging_Dave,Bull,Lodging/residential,233937.0,,,5644098.5,2822049.25,12.063287338044002
Bull_office_Anne,Bull,Office,16135.0,,,356945.0,178472.5,11.061202355128602
Bull_lodging_Abby,Bull,Lodging/residential,11350.0,,,229497.25,114748.625,10.110011013215859
Bull_lodging_Graciela,Bull,Lodging/residential,10346.0,,,207089.75,103544.875,10.008203653585927
Bull_lodging_Elena,Bull,Lodging/residential,11227.0,,,110909.75,55454.875,4.939420593212791
Bull_lodging_Allen,Bull,Lodging/residential,8051.0,,,161480.3999,80740.19995,10.028592715190658
Bull_lodging_Charlotte,Bull,Lodging/residential,8079.0,,,183179.1599,91589.57995,11.3367471159797
Bull_lodging_Xavier,Bull,Lodging/residential,8079.0,,,161039.28,80519.64,9.966535462309691
Bull_lodging_Jeremiah,Bull,Lodging/residential,57334.0,,,1018565.0,509282.5,8.882731014755642
Bull_assembly_Newton,Bull,Entertainment/public assembly,5682.0,,,61533.0,30766.5,5.414730728616684
Bull_services_Nadine,Bull,Services,389641.0,,,2064916.0,1032458.0,2.649767349945206
Bull_office_Rob,Bull,Office,332447.0,,,4727333.5,2363666.75,7.109905488694438
Bull_education_Jae,Bull,Education,177216.0,,,9156712.0,4578356.0,25.83489075478512
Bull_education_Nolan,Bull,Education,91629.0,,,1151075.0,575537.5,6.281171899726069
Bull_assembly_Lesa,Bull,Entertainment/public assembly,20372.0,,,184284.0,92142.0,4.522972707637934
Bull_lodging_Hugo,Bull,Lodging/residential,86786.0,,,1245444.5,622722.25,7.175376788883
Bull_assembly_Daryl,Bull,Entertainment/public assembly,16052.0,,,633443.5,316721.75,19.73098367804635
Bull_office_Chantel,Bull,Office,103924.0,,,2500651.5,1250325.75,12.031154978638236
Bull_education_Mervin,Bull,Education,218024.0,,,3217520.0,1608760.0,7.378820680292078
Bull_assembly_Amalia,Bull,Entertainment/public assembly,563782.0,,,9723662.0,4861831.0,8.623600966330958
Bull_education_Barry,Bull,Education,198488.0,,,17171625.0,8585812.5,43.25607845310548
Bull_office_Efren,Bull,Office,86167.0,,,885121.5,442560.75,5.136081678600856
Bull_education_Violeta,Bull,Education,111195.0,,,2351860.5,1175930.25,10.5753878321867
Bull_assembly_Freddie,Bull,Entertainment/public assembly,234819.0,,,3863058.5,1931529.25,8.225608873217244
Bull_education_Dan,Bull,Education,128536.0,,,3047036.0,1523518.0,11.852850563266323
Bull_education_Dania,Bull,Education,56137.0,,,708961.0,354480.5,6.314560806598144
Bull_education_Bernice,Bull,Education,155882.0,,,5227535.88,2613767.94,16.767605881371807
Bull_public_Hyun,Bull,Public services,492898.0,,,7679126.0,3839563.0,7.789771920356747
Bull_lodging_Anibal,Bull,Lodging/residential,44784.0,,,376851.5,188425.75,4.20743457484816
Bull_education_Nina,Bull,Education,130577.0,,,4314782.0,2157391.0,16.52198319765349
Bull_lodging_Danielle,Bull,Lodging/residential,45086.0,,,454779.5,227389.75,5.043466929867365
Bull_education_Racheal,Bull,Education,393530.0,,,10065681.0,5032840.5,12.788962722028817
Bull_assembly_Gerri,Bull,Entertainment/public assembly,119262.0,,,2583119.5,1291559.75,10.829599956398518
Bull_education_Linnie,Bull,Education,153999.0,,,3361095.5,1680547.75,10.912718589081747
Bull_education_Hayley,Bull,Education,193723.0,,,2919437.0,1459718.5,7.5350810177418275
Bull_services_Jeanmarie,Bull,Services,346056.0,,,771104.5,385552.25,1.1141325392422037
Bull_lodging_Melissa,Bull,Lodging/residential,301307.0,,,4339627.5,2169813.75,7.201338667870312
Bull_education_Juan,Bull,Education,282152.0,,,3767612.5,1883806.25,6.676565291048797
Bull_office_Yvonne,Bull,Office,193960.0,,,2851082.0,1425541.0,7.349664879356569
Bull_education_Gregory,Bull,Education,186572.0,,,1254831.5,627415.75,3.3628612546362797
Bull_assembly_Gigi,Bull,Entertainment/public assembly,426472.0,,,6195696.5,3097848.25,7.263895988482245
Bull_education_Myra,Bull,Education,59498.0,,,829919.5,414959.75,6.9743478772395715
Bull_office_Ella,Bull,Office,8837.0,,,1260796.5,630398.25,71.33622835804006
Bull_education_Tracey,Bull,Education,258491.0,,,3263079.0,1631539.5,6.311784549558785
Bull_assembly_Goldie,Bull,Entertainment/public assembly,52357.0,,,1005333.5,502666.75,9.600755390874191
Bull_assembly_Dorethea,Bull,Entertainment/public assembly,34819.0,,,336834.5,168417.25,4.836935293948706
Bull_education_Joseph,Bull,Education,167055.0,,,2071584.72,1035792.36,6.200307443656281
Bull_services_Rachelle,Bull,Services,373416.0,,,1809750.5,904875.25,2.4232364172933134
Bull_assembly_Maren,Bull,Entertainment/public assembly,122122.0,,,5114971.5,2557485.75,20.942055894924746
Bull_services_Winford,Bull,Services,214252.0,,,817568.0,408784.0,1.907958852192745
Bull_office_Ivette,Bull,Office,34758.0,,,408268.0,204134.0,5.873007652914437
Bull_office_Marco,Bull,Office,34072.0,,,879583.0,439791.5,12.90771014322611
Bull_education_Luke,Bull,Education,166395.0,,,5170901.0,2585450.5,15.538029988881878
Bull_office_Claudia,Bull,Office,24463.0,,,575532.5,287766.25,11.763326247802805
Bull_education_Dora,Bull,Education,168696.0,,,1970777.0,985388.5,5.841208445961967
Bull_office_Sally,Bull,Office,82939.0,,,1562738.5,781369.25,9.421011225117255
Bull_education_Olive,Bull,Education,57811.0,,,1161333.5,580666.75,10.04422601235059
Bull_office_Debbie,Bull,Office,51483.0,,,507916.5,253958.25,4.932856476895286
Bull_education_Dottie,Bull,Education,428647.0,,,23302650.0,11651325.0,27.181631972228896
Bull_education_Matilda,Bull,Education,108392.0,,,1528194.5,764097.25,7.049387869953502
Bull_education_Lenny,Bull,Education,46230.0,,,614559.5,307279.75,6.64676076141034
Bull_education_Stewart,Bull,Education,77632.0,,,2170025.0,1085012.5,13.976356399422919
Bull_office_Trevor,Bull,Office,38173.0,,,681255.0,340627.5,8.923257276085192
Bobcat_education_Coleman,Bobcat,Education,113580.0,,,1967619.1854,983809.5927,8.661820678816694
Bobcat_education_Alissa,Bobcat,Education,121146.0,,,997406.6747,498703.33735,4.116548110131577
Bobcat_other_Jovita,Bobcat,Other,4482.0,,,515931.1444,257965.5722,57.555906336456935
Bobcat_assembly_Franklin,Bobcat,Entertainment/public assembly,161969.0,,,2553643.1452,1276821.5726,7.883123144552353
Bobcat_education_Angela,Bobcat,Education,94751.0,,,1406721.7141,703360.85705,7.423255237939441
Bobcat_education_Whitney,Bobcat,Education,74886.0,,,5470171.8103,2735085.90515,36.52332752650696
Bobcat_office_Justine,Bobcat,Office,26325.0,,,273916.6475,136958.32375,5.202595394112061
Bobcat_office_Melody,Bobcat,Office,26948.0,,,698643.1874,349321.5937,12.962802200534364
Bobcat_office_Nikita,Bobcat,Office,41933.0,,,632826.8164,316413.4082,7.545689747931224
Bobcat_education_Marisha,Bobcat,Education,74420.0,,,889046.9372,444523.4686,5.973172112335394
Bobcat_education_Toni,Bobcat,Education,21892.0,,,421219.0892,210609.5446,9.620388479809977
Bobcat_office_Alma,Bobcat,Office,11419.0,,,72005.4551,36002.72755,3.152879196952448
Bobcat_education_Monte,Bobcat,Education,23112.0,,,277560.8772,138780.4386,6.0046918743509865
Bobcat_education_Jayne,Bobcat,Education,67377.0,,,924640.2307,462320.11535,6.861690418837289
Bobcat_office_Kassandra,Bobcat,Office,43094.0,,,777452.7552,388726.3776,9.02042923840906
Bobcat_other_Timothy,Bobcat,Other,10103.0,,,321394.1259,160697.06295,15.905875774522418
Bobcat_education_Dylan,Bobcat,Education,186840.0,,,2028145.2402000001,1014072.6201000001,5.427492079319204
Bobcat_assembly_Camilla,Bobcat,Entertainment/public assembly,39788.0,,,301119.0793,150559.53965,3.7840439240474515
Bobcat_assembly_Adam,Bobcat,Entertainment/public assembly,22101.0,,,1076048.7204,538024.3602,24.34389214062712
Bobcat_assembly_Billy,Bobcat,Entertainment/public assembly,213762.0,,,2051164.562,1025582.281,4.797776410213228
Bobcat_education_Rosalva,Bobcat,Education,84346.0,,,1140270.8524,570135.4262,6.759483866454841
Bobcat_education_Hollis,Bobcat,Education,87976.0,,,2273897.9518,1136948.9759,12.923399289578976
Bobcat_lodging_Nickolas,Bobcat,Lodging/residential,52034.0,,,780538.5529,390269.27645,7.500274367721105
Bobcat_lodging_Darin,Bobcat,Lodging/residential,88480.0,,,2161534.11,1080767.055,12.21481752938517
Bobcat_lodging_Melaine,Bobcat,Lodging/residential,35465.0,,,702727.2768,351363.6384,9.907335074016636
Crow_education_Marlin,Crow,Education,81390.0,,,3601111.16,1800555.58,22.122565179997544
Crow_education_Keisha,Crow,Education,152559.0,,,4813005.63,2406502.815,15.774243505791201
Crow_education_Kate,Crow,Education,68030.0,,,1147952.435,573976.2175,8.437104475966485
Crow_education_Winston,Crow,Education,93206.0,,,5222371.829,2611185.9145,28.015212695534622
Crow_education_Omer,Crow,Education,127632.0,,,5494201.329,2747100.6645,21.523604303779617
Wolf_education_Anisa,Wolf,Education,118489.0,,,4089615.3125,2044807.65625,17.257362761522167
Wolf_retail_Marcella,Wolf,Retail,3907.0,,,122877.6425,61438.82125,15.725318978756079
Wolf_office_Joana,Wolf,Office,14585.0,,,259951.665,129975.8325,8.911610044566336
Wolf_office_Darleen,Wolf,Office,54207.0,,,759691.0,379845.5,7.0073145534709536
Wolf_education_Roderick,Wolf,Education,8805.0,,,89900.225,44950.1125,5.105066723452584
Wolf_science_Alfreda,Wolf,Technology/science,9838.0,,,1427812.455,713906.2275,72.56619511079488
Wolf_education_Katie,Wolf,Education,30171.0,,,468014.67,234007.335,7.756035099930396
Wolf_office_Cary,Wolf,Office,126960.0,,,4289830.6474,2144915.3237,16.894418113579082
Wolf_education_Josefa,Wolf,Education,8073.0,,,139282.9875,69641.49375,8.626470178372351
Wolf_office_Nadia,Wolf,Office,29547.0,,,1302987.4125,651493.70625,22.04940285815819
Wolf_office_Elisabeth,Wolf,Office,27889.0,,,2374536.3975,1187268.19875,42.57120006992004
Wolf_education_Ursula,Wolf,Education,150673.0,,,2477236.975,1238618.4875,8.220573609737643
Wolf_office_Rochelle,Wolf,Office,33530.0,,,282186.5825,141093.29125,4.207971704443782
Wolf_education_Laurinda,Wolf,Education,201350.0,,,3809486.18,1904743.09,9.459861385646883
Wolf_public_Norma,Wolf,Public services,252952.0,,,2572406.1421,1286203.07105,5.084771304634871
Wolf_education_Cheryl,Wolf,Education,275610.0,,,2301278.45,1150639.225,4.174881989042488
Wolf_education_Vivian,Wolf,Education,94399.0,,,1251219.1275,625609.56375,6.627290159323722
Wolf_office_Bobbie,Wolf,Office,50493.0,,,474312.2825,237156.14125,4.696812256154318
Wolf_education_Cody,Wolf,Education,28406.0,,,426796.9,213398.45,7.512442793775963
Wolf_retail_Toshia,Wolf,Retail,45305.0,,,1245111.5575,622555.77875,13.741436458448296
Wolf_office_Emanuel,Wolf,Office,21582.0,,,264656.18,132328.09,6.131409971272356
Wolf_education_Tori,Wolf,Education,204998.0,,,6613718.7275,3306859.36375,16.131178663938186
Wolf_education_Eulalia,Wolf,Education,86714.0,,,1217769.0425,608884.52125,7.021755670941255
Wolf_education_Clarissa,Wolf,Education,72958.0,,,924664.125,462332.0625,6.336961847912497
Wolf_education_Joaquin,Wolf,Education,26372.0,,,1254235.835,627117.9175,23.779687452601245
Wolf_education_Tammie,Wolf,Education,84346.0,,,1454704.5575,727352.27875,8.623435358523226
Wolf_assembly_Sallie,Wolf,Entertainment/public assembly,116186.0,,,4601692.32,2300846.16,19.803127399170297
Wolf_assembly_Elaine,Wolf,Entertainment/public assembly,71806.0,,,649333.3225,324666.66125,4.521441958192908
Wolf_retail_Harriett,Wolf,Retail,44218.0,,,766978.4775,383489.23875,8.672695254195125
Wolf_education_Dolores,Wolf,Education,65843.0,,,625166.97,312583.485,4.747406482086174
Wolf_education_Miguel,Wolf,Education,58157.0,,,615656.86,307828.43,5.293058961088089
Wolf_education_Loren,Wolf,Education,131212.0,,,4052850.615,2026425.3075,15.443902291711124
Wolf_office_Haydee,Wolf,Office,12152.0,,,151402.97,75701.485,6.229549456879526
Wolf_education_Arnulfo,Wolf,Education,55800.0,,,618880.5575,309440.27875,5.545524708781362
Wolf_education_Dorris,Wolf,Education,125701.0,,,5595615.2625,2797807.63125,22.25764020373744
Wolf_education_Bobby,Wolf,Education,112956.0,,,1708963.3025,854481.65125,7.5647300829526545
Hog_office_Leon,Hog,Office,20864.0,,29.6,116239.5,58119.75,2.7856475268404908
Hog_lodging_Shonda,Hog,Lodging/residential,230747.0,,110,1903717.0,951858.5,4.125117552990938
Hog_office_Patrick,Hog,Office,10385.0,,76.6,190633.637,95316.8185,9.178316658642272
Hog_office_Rolando,Hog,Office,194111.0,,289.1,5435989.0,2717994.5,14.002269320131266
Hog_office_Nancie,Hog,Office,89858.0,,87.8,1092149.464,546074.732,6.077085312381757
Hog_office_Migdalia,Hog,Office,72709.0,,70.3,592706.854,296353.427,4.075883687026366
Hog_lodging_Celeste,Hog,Lodging/residential,117054.0,,80.1,1681990.921,840995.4605,7.1846793830198035
Hog_education_Jared,Hog,Education,14185.0,,93.8,239558.262,119779.131,8.444069862530842
Hog_education_Leandro,Hog,Education,207115.0,,187.3,8304375.909,4152187.9545,20.04774137315018
Hog_industrial_Mariah,Hog,Manufacturing/industrial,11470.0,,825.5,290556.21,145278.105,12.665920226678292
Hog_office_Mack,Hog,Office,57394.0,,130.8,1524056.138,762028.069,13.27713818517615
Hog_education_Roberto,Hog,Education,100813.0,,110.8,3482516.512,1741258.256,17.272159900012895
Hog_office_Eloise,Hog,Office,122922.0,,213.5,5698391.705,2849195.8525,23.1788927327899
Hog_office_Bill,Hog,Office,143973.0,,182.3,5102689.779,2551344.8895,17.72099553041195
Hog_office_Valda,Hog,Office,56569.0,,57.9,509124.17100000003,254562.08550000002,4.500028027718362
Hog_office_Sonny,Hog,Office,62837.0,,246.8,4304704.899,2152352.4495,34.25294730015755
Hog_office_Garrett,Hog,Office,305047.0,,78.6,6754536.59,3377268.295,11.071304733368956
Hog_lodging_Ora,Hog,Lodging/residential,233341.0,,113.1,3873022.071,1936511.0355,8.299060325875008
Hog_office_Elnora,Hog,Office,105167.0,,383.7,12058273.142,6029136.571,57.32916761912007
Hog_office_Cordelia,Hog,Office,47578.0,,99.5,456543.53,228271.765,4.79784280549834
Hog_office_Gustavo,Hog,Office,70852.0,,140.8,9320594.098,4660297.049,65.77509525489752
Hog_education_Hallie,Hog,Education,32256.0,,447.3,1147698.46,573849.23,17.79046471974206
Hog_parking_Jeana,Hog,Parking,83772.0,,2233.2,498417.271,249208.6355,2.974844046936924
Hog_office_Josefina,Hog,Office,157545.0,,99,3183874.889,1591937.4445,10.104652286648259
Hog_office_Marlena,Hog,Office,131745.0,,79.4,1433153.319,716576.6595,5.43911844472276
Hog_education_Robert,Hog,Education,332884.0,,106.7,9763934.11,4881967.055,14.665670488818927
Hog_lodging_Mauricio,Hog,Lodging/residential,174924.0,,120.1,3922584.0,1961292.0,11.21225217808877
Hog_office_Almeda,Hog,Office,71936.0,,106.2,1077331.41,538665.705,7.488124235431494
Hog_office_Man,Hog,Office,87187.0,,189.8,1092120.126,546060.063,6.263090403385825
Hog_other_Tobias,Hog,Other,23903.0,,76.4,657900.846,328950.423,13.761888591390202
Hog_public_Octavia,Hog,Public services,199722.0,,217.3,3430002.976,1715001.488,8.586943291174732
Hog_food_Morgan,Hog,Food sales and service,33215.0,,188.2,1112380.267,556190.1335,16.745149284961613
Hog_office_Randi,Hog,Office,92099.0,,47.4,1647436.538,823718.269,8.94383510135832
Hog_education_Sonia,Hog,Education,184098.0,,346.8,10976680.723,5488340.3615,29.8120585856446
Hog_parking_Shannon,Hog,Parking,679614.0,,-,1961051.147,980525.5735,1.4427683560079694
Hog_office_Charla,Hog,Office,102191.0,,264.4,3185069.393,1592534.6965,15.583903636328053
Hog_office_Buford,Hog,Office,27145.0,,4.2,26650.923,13325.4615,0.4908993000552588
Hog_office_Mari,Hog,Office,67839.0,,67.6,946147.2170000001,473073.60850000003,6.973475559781248
Hog_office_Alisha,Hog,Office,33401.0,,275.2,154882.61,77441.305,2.318532528966198
Hog_services_Joe,Hog,Services,42028.0,,116.6,495094.978,247547.489,5.890061125916056
Hog_office_Lizzie,Hog,Office,111424.0,,107.7,1569495.518,784747.759,7.042897032955198
Hog_services_Kerrie,Hog,Services,26926.0,,160.1,341797.303,170898.6515,6.346975098417887
Hog_office_Corie,Hog,Office,119509.0,,59.7,1553301.0,776650.5,6.498677923838372
Hog_services_Marshall,Hog,Services,70040.0,,147.1,1388997.554,694498.777,9.915744960022844
Hog_education_Wayne,Hog,Education,85732.0,,205.1,2893894.2965,1446947.14825,16.877562033429758
Hog_office_Shon,Hog,Office,84365.0,,86.3,1369075.233,684537.6165,8.11400007704617
Hog_office_Sherrie,Hog,Office,92994.0,,67,725294.148,362647.074,3.8996824956448806
Hog_lodging_Hal,Hog,Lodging/residential,153299.0,,110.8,2594245.025,1297122.5125,8.461389262160875
Hog_parking_Marcus,Hog,Parking,271492.0,,-,1500203.803,750101.9015,2.762887678089962
Hog_education_George,Hog,Education,72332.0,,307.8,3763732.5774,1881866.2887,26.017064213626057
Hog_office_Sydney,Hog,Office,87131.0,,106.3,2208579.806,1104289.903,12.673903696732506
Hog_office_Clemencia,Hog,Office,58703.0,,128.1,1356471.164,678235.582,11.553678381002676
Hog_office_Napoleon,Hog,Office,133100.0,,89.7,2264597.964,1132298.982,8.507129842223893
Hog_education_Casandra,Hog,Education,280225.0,,221.7,18935196.33,9467598.165,33.78570136497457
Hog_office_Carri,Hog,Office,25463.0,,153.8,610052.571,305026.2855,11.97919669716844
Hog_office_Leanne,Hog,Office,82302.0,,262.9,2319452.596,1159726.298,14.091107117688512
Hog_office_Lanell,Hog,Office,152946.0,,77.8,2489051.797,1244525.8985,8.137028091614033
Hog_education_Bruno,Hog,Education,150393.0,,362.1,4621168.8,2310584.4,15.363643254672757
Hog_office_Myles,Hog,Office,79782.0,,75.9,921029.249,460514.6245,5.772161947557093
Hog_office_Simon,Hog,Office,27452.0,,101.4,341466.0,170733.0,6.21932828209238
Hog_education_Rachael,Hog,Education,39988.0,,157.7,1313692.389,656846.1945,16.42608268730619
Hog_office_Joey,Hog,Office,336650.0,,226.3,21034232.465,10517116.2325,31.240505666122086
Hog_education_Odell,Hog,Education,156483.0,,419.9,9331386.727,4665693.3635,29.81597594307369
Hog_parking_Antoinette,Hog,Parking,20986.0,,285,329712.0,164856.0,7.855522729438674
Hog_office_Elke,Hog,Office,103718.0,,65,1136824.0,568412.0,5.480360207485682
Hog_office_Bessie,Hog,Office,96612.0,,63.5,1366023.0,683011.5,7.069634206930816
Hog_office_Sarah,Hog,Office,152312.0,,380.3,7932327.869200001,3966163.9346000003,26.039733800357162
Hog_public_Gerard,Hog,Public services,83155.0,,55.4,987285.528,493642.764,5.936417100595274
Hog_assembly_Colette,Hog,Entertainment/public assembly,234476.0,,93.9,6323141.181,3161570.5905,13.483557338490932
Hog_office_Byron,Hog,Office,861524.0,,168.8,16585755.982,8292877.991,9.625823530162828
Hog_office_Shawnna,Hog,Office,293990.0,,60.6,7263812.954,3631906.477,12.353843589918025
Hog_office_Shawna,Hog,Office,196043.0,,99.5,2496954.762,1248477.381,6.36838541034365
Hog_office_Terry,Hog,Office,267536.0,,174.2,12706449.017,6353224.5085,23.747176112747447
Hog_office_Catharine,Hog,Office,118858.0,,347.4,7519917.6502,3759958.8251,31.634040831075737
Hog_science_Max,Hog,Technology/science,89456.0,,218.2,2539412.0,1269706.0,14.193637095331784
Hog_lodging_Shanti,Hog,Lodging/residential,262156.0,,129.4,4661618.0696,2330809.0348,8.890923857550467
Hog_education_Caridad,Hog,Education,259989.0,,316,24287405.2324,12143702.6162,46.70852465373535
Hog_education_Haywood,Hog,Education,37107.0,,688.5,2417986.188,1208993.094,32.58126752364783
Hog_public_Crystal,Hog,Public services,294812.0,,83,5265510.617,2632755.3085,8.930285431054367
Hog_office_Cornell,Hog,Office,671507.0,,234.1,25118549.221,12559274.6105,18.703117928033514
Hog_office_Marlene,Hog,Office,80205.0,,86.1,792849.908,396424.954,4.942646393616358
Hog_office_Mary,Hog,Office,53077.0,,96.1,562076.533,281038.2665,5.2949161878026265
Hog_office_Guadalupe,Hog,Office,72958.0,,54.7,827351.0,413675.5,5.670049891718523
Hog_parking_Bernardo,Hog,Parking,83919.0,,156.8,1124472.0,562236.0,6.699746183820112
Hog_office_Betsy,Hog,Office,249457.0,,105.4,11475365.26,5737682.63,23.000688014367206
Hog_office_Alexis,Hog,Office,28991.0,,103,341431.599,170715.7995,5.88857919699217
Hog_office_Mike,Hog,Office,63771.0,,94.7,1144486.279,572243.1395,8.97340702670493
Hog_office_Catalina,Hog,Office,52748.0,,75.9,920736.754,460368.377,8.727693504967013
Hog_office_Nia,Hog,Office,577101.0,,319.8,31349778.182,15674889.091,27.161431172359777
Hog_education_Cathleen,Hog,Education,155439.0,,367.7,6714201.0,3357100.5,21.597543087642098
Hog_office_Marilyn,Hog,Office,59476.0,,46.2,655773.704,327886.852,5.512927096644025
Hog_lodging_Edgar,Hog,Lodging/residential,177550.0,,19.5,1955121.0,977560.5,5.5058321599549425
Hog_industrial_Joanne,Hog,Manufacturing/industrial,56851.0,,180.4,2637519.113,1318759.5565,23.19676974019806
Hog_industrial_Jay,Hog,Manufacturing/industrial,63847.0,,322.8,4073179.6920000003,2036589.8460000001,31.89797243410027
Hog_industrial_Jeremy,Hog,Manufacturing/industrial,13091.0,,305.3,776342.875,388171.4375,29.65177889389657
Hog_other_Noma,Hog,Other,27648.0,,223.7,456721.856,228360.928,8.259582175925926
Hog_industrial_Quentin,Hog,Manufacturing/industrial,81372.0,,156.9,1927053.423,963526.7115,11.841010562601387
Hog_education_Beth,Hog,Education,142672.0,,101.4,1888072.833,944036.4165,6.616830327604576
Hog_office_Emmanuel,Hog,Office,20444.0,,147.6,486954.867,243477.4335,11.909481192525925
Hog_education_Jordan,Hog,Education,133072.0,,179.8,1871976.921,935988.4605,7.033699504779368
Hog_assembly_Maribel,Hog,Entertainment/public assembly,143228.0,,142.6,14709094.0,7354547.0,51.34852822073896
Hog_education_Josh,Hog,Education,60606.0,,199.6,2340288.229,1170144.1145,19.307397196647194
Hog_warehouse_Louise,Hog,Warehouse/storage,66585.0,,85.7,207881.0,103940.5,1.561019749192761
Hog_assembly_Dona,Hog,Entertainment/public assembly,166856.0,,110.5,5151339.913,2575669.9565,15.436483893297213
Hog_lodging_Nikki,Hog,Lodging/residential,74584.0,,68.7,1031737.889,515868.9445,6.916616760967499
Hog_office_Corey,Hog,Office,129532.0,,122.5,2033414.538,1016707.269,7.849081840780657
Hog_lodging_Francisco,Hog,Lodging/residential,157070.0,,120,2827947.16,1413973.58,9.002187432355
Hog_office_Merilyn,Hog,Office,37096.0,,81.8,529875.8200000001,264937.91000000003,7.1419535799007985
Hog_office_Roger,Hog,Office,98212.0,,271.9,4558636.8780000005,2279318.4390000002,23.208146041216963
Hog_office_Elsy,Hog,Office,39807.0,,59.9,476778.231,238389.1155,5.988622993443364
Hog_education_Luvenia,Hog,Education,192152.0,,332.9,8231700.917,4115850.4585,21.419763824992714
Hog_office_Cortney,Hog,Office,106511.0,,118.8,1160007.631,580003.8155,5.445482771732498
Hog_office_Sung,Hog,Office,35829.0,,173.1,822537.082,411268.541,11.478649725083034
Hog_assembly_Jasmine,Hog,Entertainment/public assembly,57201.0,,165,1492003.688,746001.844,13.041762276883272
Hog_services_Adrianna,Hog,Services,50552.0,,236.6,4375229.714,2187614.857,43.274546150498495
Hog_education_Jewel,Hog,Education,85164.0,,158.3,1146170.165,573085.0825,6.729194054999765
Hog_warehouse_Rosanna,Hog,Warehouse/storage,10559.0,,329.1,366110.104,183055.052,17.336400416706127
Hog_assembly_Letha,Hog,Entertainment/public assembly,545351.0,,85.7,10579396.877,5289698.4385,9.699621782118307
Hog_education_Donnie,Hog,Education,73597.0,,101.7,1482616.438,741308.219,10.072533105968994
Hog_lodging_Brian,Hog,Lodging/residential,138602.0,,115,1850899.0,925449.5,6.677028470007648
Hog_parking_Jean,Hog,Parking,178270.0,,994.4,992950.945,496475.4725,2.784963664665956
Hog_office_Thomas,Hog,Office,22528.0,,78.1,841546.0,420773.0,18.677778764204547
Hog_office_Richelle,Hog,Office,99946.0,,156.8,1498040.62,749020.31,7.494249994997299
Hog_health_Jenny,Hog,Healthcare,74443.0,,300.9,3184981.702,1592490.851,21.39208321803259
Hog_health_Hisako,Hog,Healthcare,121585.0,,275.7,3617781.075,1808890.5375,14.877579779578074
Hog_health_Kesha,Hog,Healthcare,115788.0,,234.3,4314695.926,2157347.963,18.63187863163713
Hog_office_Elizbeth,Hog,Office,92500.0,,240.6,2422685.157,1211342.5785,13.095595443243244
Hog_office_Denita,Hog,Office,94988.0,,87.5,1018581.282,509290.641,5.361631374489409
Hog_public_Brad,Hog,Public services,237518.0,,283.8,17529130.066,8764565.033,36.90063503818658
Hog_warehouse_Porsha,Hog,Warehouse/storage,39464.0,,9.2,203711.749,101855.8745,2.5809820215892967
Hog_office_Candi,Hog,Office,195437.0,,242.1,5419668.532,2709834.266,13.865513009307346
Hog_parking_Cliff,Hog,Parking,100328.0,,140.4,1800242.826,900121.413,8.971786669723308
Hog_office_Miriam,Hog,Office,15269.0,,152.1,404353.874,202176.937,13.241007073154758
Hog_education_Madge,Hog,Education,73044.0,,108.7,1575512.866,787756.433,10.784683656426264
Hog_assembly_Pedro,Hog,Entertainment/public assembly,268480.0,,66.8,3963058.3850000002,1981529.1925000001,7.380546753948153
Hog_office_Vera,Hog,Office,91316.0,,76.9,1982249.0,991124.5,10.853787945157475
Hog_public_Kevin,Hog,Public services,381221.0,,117.5,9625589.9482,4812794.9741,12.62468482612448
Hog_lodging_Retha,Hog,Lodging/residential,187174.0,,101.1,6214165.332,3107082.666,16.599969365403314
Eagle_office_Lillian,Eagle,Office,52141.0,,,858737.7885,429368.89425,8.234765237529007
Eagle_office_Henriette,Eagle,Office,23481.0,,,517606.7436,258803.3718,11.021820697585282
Eagle_office_Tia,Eagle,Office,122746.0,,,3079884.5983,1539942.29915,12.54576360247992
Eagle_education_Eileen,Eagle,Education,27995.0,,,702437.2734000001,351218.63670000003,12.545763054116808
Eagle_education_April,Eagle,Education,76903.0,,,679387.296,339693.648,4.417170305449722
Eagle_office_Yadira,Eagle,Office,162549.0,,,2282659.9816,1141329.9908,7.021451936339196
Eagle_office_Mable,Eagle,Office,27646.0,,,278553.6717,139276.83585,5.037865725602257
Eagle_office_Ryan,Eagle,Office,22524.0,,,456884.0,228442.0,10.142159474338483
Eagle_education_Maragret,Eagle,Education,13220.0,,,382219.0,191109.5,14.456089258698942
Eagle_education_Jewell,Eagle,Education,181328.0,,,3911485.2824,1955742.6412,10.785662673166858
Eagle_education_Paul,Eagle,Education,43143.0,,,435612.7594,217806.3797,5.048475527895603
Eagle_education_Sheena,Eagle,Education,46037.0,,,464837.0144,232418.5072,5.048515481026131
Eagle_public_Preston,Eagle,Public services,278369.0,,,5558746.9743,2779373.48715,9.984493557651893
Eagle_office_Jackie,Eagle,Office,61756.0,,,1216622.0,608311.0,9.850233175723817
Eagle_office_Elvis,Eagle,Office,42755.0,,,841166.0,420583.0,9.837048298444627
Eagle_office_Patrice,Eagle,Office,129707.0,,,1483472.3,741736.15,5.718551427448018
Eagle_office_Sheree,Eagle,Office,31300.0,,,724776.0,362388.0,11.577891373801917
Eagle_public_Minnie,Eagle,Public services,73277.0,,,2572038.0,1286019.0,17.550104398378753
Eagle_health_Athena,Eagle,Healthcare,194188.0,,,5203931.6928,2601965.8464,13.399210282818713
Eagle_office_Isidro,Eagle,Office,23871.0,,,395424.0,197712.0,8.282518537137111
Eagle_health_Jodi,Eagle,Healthcare,237704.0,,,3128087.8285,1564043.91425,6.579796361230774
Eagle_public_Ola,Eagle,Public services,95526.0,,,2244462.83,1122231.415,11.74791590771099
Eagle_health_Vincenza,Eagle,Healthcare,35354.0,,,934246.3257,467123.16285,13.212738667477513
Eagle_office_Lane,Eagle,Office,50327.0,,,807885.0,403942.5,8.02635762115763
Eagle_food_Kay,Eagle,Food sales and service,69876.0,,,3237691.1174,1618845.5587,23.16740452658996
Eagle_office_Freida,Eagle,Office,78002.0,,,1054139.0,527069.5,6.757128022358401
Eagle_office_Francis,Eagle,Office,159384.0,,,6108847.0,3054423.5,19.163927997791497
Eagle_education_Shante,Eagle,Education,232139.0,,,10498941.5167,5249470.75835,22.61348053687661
Eagle_education_Shanna,Eagle,Education,104604.0,,,5168588.0,2584294.0,24.70549883369661
Eagle_education_Luther,Eagle,Education,116249.0,,,8262098.4357,4131049.21785,35.536212938175815
Eagle_education_Samantha,Eagle,Education,134748.0,,,4688905.7793,2344452.88965,17.39879545262267
Eagle_education_Petra,Eagle,Education,24979.0,,,1161958.0,580979.0,23.25869730573682
Eagle_office_Chantelle,Eagle,Office,23702.0,,,537087.9221,268543.96105,11.330012701459792
Eagle_office_Dallas,Eagle,Office,37917.0,,,910672.6843,455336.34215,12.008764990637445
Eagle_office_Bridgett,Eagle,Office,61274.0,,,3405595.8347,1702797.91735,27.789893223063615
Eagle_education_Brooke,Eagle,Education,273234.0,,,15926860.5116,7963430.2558,29.14509268905041
Eagle_education_Wesley,Eagle,Education,71088.0,,,2225479.0,1112739.5,15.652986439342786
Eagle_office_Donovan,Eagle,Office,86455.0,,,1146963.0135,573481.50675,6.633294855705279
Eagle_office_Flossie,Eagle,Office,42942.0,,,2547940.4667,1273970.23335,29.66723099413162
Eagle_office_Randolph,Eagle,Office,65000.0,,,1922681.536,961340.768,14.78985796923077
Eagle_education_Norah,Eagle,Education,97838.0,,,8637298.0,4318649.0,44.140814407489934
Eagle_food_Jennifer,Eagle,Food sales and service,35605.0,,,1506335.4446,753167.7223,21.153425707063615
Eagle_public_Henry,Eagle,Public services,13469.0,,,512340.0,256170.0,19.01922934145074
Eagle_education_Lino,Eagle,Education,138977.0,,,3280914.8993,1640457.44965,11.803805303395526
Eagle_office_Efrain,Eagle,Office,43007.0,,,838590.8395,419295.41975,9.749469150370869
Eagle_health_Amy,Eagle,Healthcare,56388.0,,,1393619.4497,696809.72485,12.357411592005391
Eagle_assembly_Estelle,Eagle,Entertainment/public assembly,18551.0,,,200286.0,100143.0,5.398253463425152
Eagle_public_Missy,Eagle,Public services,20540.0,,,541033.0576000001,270516.52880000003,13.170230223953263
Eagle_public_Pearle,Eagle,Public services,247471.0,,,5965566.5023,2982783.25115,12.053061777541611
Eagle_office_Demetra,Eagle,Office,104089.0,,,2669917.0,1334958.5,12.825164042309947
Eagle_office_Jeff,Eagle,Office,17077.0,,,775577.0,387788.5,22.708233296246412
Eagle_office_Damian,Eagle,Office,114166.0,,,3019218.0268,1509609.0134,13.222929886305906
Eagle_office_Elias,Eagle,Office,53860.0,,,1424368.8668,712184.4334,13.222882164871889
Eagle_office_Katheleen,Eagle,Office,45240.0,,,1822147.4603,911073.73015,20.138676616931917
Eagle_education_Edith,Eagle,Education,79949.0,,,2966390.2319,1483195.11595,18.551765700008755
Eagle_office_Elia,Eagle,Office,64743.0,,,2367353.1305,1183676.56525,18.2826956620793
Eagle_lodging_Terri,Eagle,Lodging/residential,79900.0,,,1820809.774,910404.887,11.394303967459324
Eagle_office_Amie,Eagle,Office,103138.0,,,6596379.7646,3298189.8823,31.978416124997576
Eagle_public_Alvin,Eagle,Public services,76537.0,,,1799457.0616,899728.5308,11.755471612422749
Eagle_education_Peter,Eagle,Education,442438.0,,,27069463.3673,13534731.68365,30.59125048854303
Eagle_health_Reuben,Eagle,Healthcare,130067.0,,,3861148.4747,1930574.23735,14.842921243282309
Eagle_health_Reba,Eagle,Healthcare,205472.0,,,7114050.86,3557025.43,17.311484922519856
Eagle_education_Teresa,Eagle,Education,60582.0,,,1775140.8984,887570.4492,14.650728751114192
Eagle_education_Raul,Eagle,Education,164206.0,,,11456458.5734,5728229.2867,34.88440913669415
Eagle_education_Sherrill,Eagle,Education,194441.0,,,12116189.4608,6058094.7304,31.156467670913027
Eagle_education_Roman,Eagle,Education,200442.0,,,12049468.0,6024734.0,30.05724349188294
Eagle_office_Chauncey,Eagle,Office,237546.0,,,9080926.8779,4540463.43895,19.114038708081804
Eagle_office_Norbert,Eagle,Office,58196.0,,,1595733.8094,797866.9047,13.709995613100556
Eagle_office_Remedios,Eagle,Office,51471.0,,,1459809.7779,729904.88895,14.18089582386198
Eagle_office_Lamont,Eagle,Office,15649.0,,,533426.8606,266713.4303,17.043480752763756
Eagle_office_Nereida,Eagle,Office,115676.0,,,2739951.6101,1369975.80505,11.843215576696982
Eagle_office_Mandi,Eagle,Office,8836.0,,,282358.871,141179.4355,15.977754130828428
Eagle_office_Phyllis,Eagle,Office,21469.0,,,686049.6845,343024.84225,15.97768141273464
Eagle_education_Alberto,Eagle,Education,171084.0,,,7617307.375,3808653.6875,22.26189291517617
Eagle_education_Shana,Eagle,Education,25401.0,,,811703.5621999999,405851.78109999996,15.977787531986928
Eagle_health_Margo,Eagle,Healthcare,25609.0,,,951788.387,475894.1935,18.583083818188918
Eagle_education_Will,Eagle,Education,62242.0,,,1966639.125,983319.5625,15.798328500048198
Eagle_office_Marisela,Eagle,Office,90411.0,,,2290149.3299,1145074.66495,12.665214022076958
Eagle_health_Gregoria,Eagle,Healthcare,200000.0,,,7575972.6112,3787986.3056,18.939931528
Eagle_office_Amanda,Eagle,Office,91363.0,,,4858766.1487,2429383.07435,26.590447712421877
Eagle_lodging_Tressa,Eagle,Lodging/residential,54172.0,,,1130982.0,565491.0,10.438806025252898
Eagle_lodging_Casey,Eagle,Lodging/residential,66013.0,,,1353336.676,676668.338,10.250531531668004
Eagle_lodging_Dawn,Eagle,Lodging/residential,62279.0,,,1283415.5767,641707.78835,10.303758704378684
Eagle_lodging_Edgardo,Eagle,Lodging/residential,58041.0,,,868277.15,434138.575,7.479860357333609
Eagle_lodging_Trina,Eagle,Lodging/residential,57274.0,,,820981.55,410490.775,7.1671399762544965
Eagle_lodging_Andy,Eagle,Lodging/residential,66794.0,,,960449.723,480224.8615,7.189640708746294
Eagle_lodging_Stephanie,Eagle,Lodging/residential,75000.0,,,1375195.0,687597.5,9.167966666666667
Eagle_health_Trisha,Eagle,Healthcare,68637.0,,,5335808.76,2667904.38,38.86976965776476
Eagle_education_Brianne,Eagle,Education,73813.0,,,7037493.281,3518746.6405,47.67109642610381
Eagle_assembly_Herbert,Eagle,Entertainment/public assembly,82789.0,,,1198033.3943,599016.69715,7.235462406237544
Eagle_assembly_Benny,Eagle,Entertainment/public assembly,49975.0,,,863925.1191,431962.55955,8.643572977488745
Eagle_assembly_Margret,Eagle,Entertainment/public assembly,180806.0,,,6694192.2672,3347096.1336,18.51208551486123
Eagle_assembly_Josie,Eagle,Entertainment/public assembly,73488.0,,,3321027.1698,1660513.5849,22.595710658883082
Eagle_assembly_Latrina,Eagle,Entertainment/public assembly,287419.0,,,2529067.5117,1264533.75585,4.399617825717855
Eagle_assembly_Portia,Eagle,Entertainment/public assembly,34565.0,,,2271621.2753,1135810.63765,32.860137064950095
Eagle_assembly_Ian,Eagle,Entertainment/public assembly,370024.0,,,7794215.0,3897107.5,10.53203981363371
Eagle_assembly_Lacy,Eagle,Entertainment/public assembly,166489.0,,,2032898.4793,1016449.23965,6.105203584921527
Eagle_office_Sonya,Eagle,Office,87200.0,,,3160499.0,1580249.5,18.122127293577982
Eagle_assembly_Candice,Eagle,Entertainment/public assembly,84688.0,,,685742.9168,342871.4584,4.048642764027962
Cockatoo_office_Rodney,Cockatoo,Office,46981.0,1962.0,,2117580.7083,1058790.35415,22.536564869841
Cockatoo_education_Julio,Cockatoo,Education,98125.0,2011.0,,2802735.125,1401367.5625,14.281452866242038
Cockatoo_education_Brigitte,Cockatoo,Education,279840.0,2008.0,,11496955.3084,5748477.6542,20.5420156310749
Cockatoo_science_Rex,Cockatoo,Technology/science,60100.0,1912.0,,2984701.0583,1492350.52915,24.83112361314476
Cockatoo_education_Orlando,Cockatoo,Education,171008.0,1930.0,,3793790.7666,1896895.3833,11.092436513496445
Cockatoo_education_Laurence,Cockatoo,Education,47398.0,1912.0,,1154779.7748,577389.8874,12.181735250432508
Cockatoo_office_Gail,Cockatoo,Office,31316.0,1913.0,,345857.5917,172928.79585,5.522058878847873
Cockatoo_office_Paige,Cockatoo,Office,130794.0,1933.0,,1758068.6002,879034.3001,6.720754010887349
Cockatoo_public_Caleb,Cockatoo,Public services,136817.0,1953.0,,2928589.0164,1464294.5082,10.702577225052442
Cockatoo_office_Jodie,Cockatoo,Office,31053.0,1915.0,,849472.7997,424736.39985,13.677789580716839
Cockatoo_office_Jimmy,Cockatoo,Office,14744.0,1910.0,,220821.3834,110410.6917,7.488516800054259
Cockatoo_education_Jack,Cockatoo,Education,31415.0,1912.0,,120326.767,60163.3835,1.9151164571064778
Cockatoo_education_Erik,Cockatoo,Education,140488.0,1961.0,,2679552.025,1339776.0125,9.536586843716188
Cockatoo_industrial_Nathaniel,Cockatoo,Manufacturing/industrial,111518.0,1968.0,,1329225.4086,664612.7043,5.959689954088129
Cockatoo_education_Rita,Cockatoo,Education,18342.0,1960.0,,204226.4583,102113.22915,5.567180740922473
Cockatoo_education_Brendan,Cockatoo,Education,116854.0,1978.0,,1123227.6336,561613.8168,4.806115467164154
Cockatoo_office_Laila,Cockatoo,Office,110380.0,1985.0,,3584731.833,1792365.9165,16.238140211088965
Cockatoo_education_Lionel,Cockatoo,Education,125507.0,1974.0,,5291140.4,2645570.2,21.079064912714035
Cockatoo_education_Melanie,Cockatoo,Education,34875.0,1993.0,,271045.9334,135522.9667,3.885963202867383
Cockatoo_education_Janet,Cockatoo,Education,322341.0,1995.0,,16112965.8255,8056482.91275,24.9936648231221
Cockatoo_education_Eunice,Cockatoo,Education,131271.0,2010.0,,6296692.5,3148346.25,23.983562629979204
Cockatoo_education_Flora,Cockatoo,Education,149762.0,2004.0,,14020831.6083,7010415.80415,46.810377827152415
Cockatoo_office_Elbert,Cockatoo,Office,40611.0,,,479283.8,239641.9,5.900911083204058
Cockatoo_office_Alton,Cockatoo,Office,42755.0,,,1576257.8083,788128.90415,18.433607862238333
Cockatoo_religion_Diedre,Cockatoo,Religious worship,22201.0,,,94515.5169,47257.75845,2.1286319737849646
Cockatoo_education_Christi,Cockatoo,Education,23232.0,,,55177.7499,27588.87495,1.1875376614152893
Cockatoo_education_Minh,Cockatoo,Education,50567.0,,,721710.2417,360855.12085,7.1361781567029885
Cockatoo_education_Doreen,Cockatoo,Education,91253.0,,,1440924.075,720462.0375,7.895214814855402
Cockatoo_office_Roxanna,Cockatoo,Office,21618.0,,,124632.4835,62316.24175,2.882609017948006
Cockatoo_lodging_Katharine,Cockatoo,Lodging/residential,61439.0,1903.0,,422076.5584,211038.2792,3.4349237324826247
Cockatoo_education_Mayra,Cockatoo,Education,124289.0,1904.0,,970420.6583,485210.32915,3.903887947847356
Cockatoo_assembly_Heath,Cockatoo,Entertainment/public assembly,111530.0,1988.0,,2094151.7998,1047075.8999,9.388289248632654
Cockatoo_education_Charity,Cockatoo,Education,233863.0,1921.0,,4308757.2169,2154378.60845,9.212139622129197
Cockatoo_education_Jon,Cockatoo,Education,113988.0,1923.0,,1810255.2,905127.6,7.940551637014423
Cockatoo_office_Georgia,Cockatoo,Office,157933.0,1932.0,,3939960.4915,1969980.24575,12.473518807025764
Cockatoo_utility_Sherri,Cockatoo,Utility,74922.0,1940.0,,909933.2335,454966.61675,6.072536995141614
Cockatoo_lodging_Homer,Cockatoo,Lodging/residential,129664.0,1941.0,,4279458.2499,2139729.12495,16.502106405401655
Cockatoo_office_Pansy,Cockatoo,Office,87977.0,1947.0,,878851.7998,439425.8999,4.994781589506348
Cockatoo_education_Helene,Cockatoo,Education,33695.0,1948.0,,1870558.0083,935279.00415,27.757204456150767
Cockatoo_assembly_Doyle,Cockatoo,Entertainment/public assembly,199037.0,1949.0,,4097954.3918,2048977.1959,10.29445377442385
Cockatoo_assembly_Pierre,Cockatoo,Entertainment/public assembly,53194.0,1953.0,,246067.4501,123033.72505,2.3129248608865662
Cockatoo_education_Maynard,Cockatoo,Education,4773.0,,,337035.5332,168517.7666,35.30646691808087
Cockatoo_public_Harland,Cockatoo,Public services,50577.0,1956.0,,816208.5331,408104.26655,8.068969423848785
Cockatoo_education_Evangeline,Cockatoo,Education,105434.0,2014.0,,2944492.9335,1472246.46675,13.963678384107592
Cockatoo_office_Giovanni,Cockatoo,Office,115288.0,1957.0,,2112996.0167,1056498.00835,9.163989386146
Cockatoo_public_Leah,Cockatoo,Public services,240026.0,1960.0,,2701623.2917,1350811.64585,5.627772182388575
Cockatoo_education_Nelda,Cockatoo,Education,74599.0,1984.0,,1971280.9414,985640.4707,13.212515860802423
Cockatoo_education_Tyler,Cockatoo,Education,214505.0,1990.0,,12414941.3671,6207470.68355,28.93858270692991
Cockatoo_office_Kristin,Cockatoo,Office,49553.0,1963.0,,1780493.4416,890246.7208,17.96554640082336
Cockatoo_education_Terrence,Cockatoo,Education,204029.0,2010.0,,6996301.3332,3498150.6666,17.145360054698106
Cockatoo_office_Delores,Cockatoo,Office,84615.0,1963.0,,1170919.0251,585459.51255,6.9190984169473495
Cockatoo_public_Valerie,Cockatoo,Public services,243072.0,1965.0,,7117710.6583,3558855.32915,14.641157061076553
Cockatoo_education_June,Cockatoo,Education,105612.0,1967.0,,1678211.5001,839105.75005,7.945174317785858
Cockatoo_assembly_Rodger,Cockatoo,Entertainment/public assembly,82035.0,1975.0,,1378444.5498,689222.2749,8.401563660632656
Cockatoo_office_Christy,Cockatoo,Office,187041.0,1973.0,,3091037.5331,1545518.76655,8.262994565629995
Cockatoo_assembly_Tabitha,Cockatoo,Entertainment/public assembly,17104.0,1953.0,,195205.2249,97602.61245,5.706420278882133
Cockatoo_assembly_Meredith,Cockatoo,Entertainment/public assembly,93608.0,1951.0,,1079226.0751,539613.03755,5.764603853837279
Cockatoo_assembly_Emilio,Cockatoo,Entertainment/public assembly,68693.0,1956.0,,4243518.8416,2121759.4208,30.887563809995196
Cockatoo_assembly_Fernanda,Cockatoo,Entertainment/public assembly,76153.0,1963.0,,1315597.7084,657798.8542,8.637858708127059
Cockatoo_assembly_Valencia,Cockatoo,Entertainment/public assembly,151900.0,1990.0,,1766281.4584,883140.7292,5.813961350888742
Cockatoo_assembly_Genoveva,Cockatoo,Entertainment/public assembly,16351.0,2002.0,,237211.9083,118605.95415,7.253743144150206
Cockatoo_lodging_Albert,Cockatoo,Lodging/residential,98624.0,,,1142128.6499,571064.32495,5.790318025531311
Cockatoo_lodging_Kerri,Cockatoo,Lodging/residential,96336.0,1913.0,,263027.6084,131513.8042,1.3651574094834746
Cockatoo_lodging_Ana,Cockatoo,Lodging/residential,20291.0,1925.0,,209961.8915,104980.94575,5.173768949287862
Cockatoo_lodging_Cletus,Cockatoo,Lodging/residential,166814.0,1929.0,,1348119.9834,674059.9917,4.0407878937019674
Cockatoo_lodging_Aimee,Cockatoo,Lodging/residential,21168.0,1928.0,,542986.0749,271493.03745,12.825634800170068
Cockatoo_lodging_Emory,Cockatoo,Lodging/residential,168791.0,1946.0,,1295383.8834,647691.9417,3.8372421616081422
Cockatoo_lodging_Javier,Cockatoo,Lodging/residential,133594.0,1961.0,,1508170.1918,754085.0959,5.644603020345225
Cockatoo_lodging_Josephine,Cockatoo,Lodging/residential,78438.0,2004.0,,1306996.4835,653498.24175,8.331398579132564
Cockatoo_lodging_Tessie,Cockatoo,Lodging/residential,169290.0,2006.0,,3682977.0498,1841488.5249,10.877715901116428
Cockatoo_lodging_Kyle,Cockatoo,Lodging/residential,142901.0,2007.0,,3742237.8167,1871118.90835,13.093812557994696
Cockatoo_lodging_Lynne,Cockatoo,Lodging/residential,136522.0,2005.0,,2052832.8249,1026416.41245,7.518322412871186
Cockatoo_lodging_Raphael,Cockatoo,Lodging/residential,83141.0,2006.0,,1543143.0918,771571.5459,9.280277431111005
Cockatoo_assembly_Griselda,Cockatoo,Entertainment/public assembly,28760.0,2007.0,,617208.2502,308604.1251,10.73032423852573
Cockatoo_lodging_Lana,Cockatoo,Lodging/residential,48881.0,1902.0,,542286.3167,271143.15835,5.547005142079744
Cockatoo_office_Lorraine,Cockatoo,Office,11524.0,1994.0,,108639.5167,54319.75835,4.713620127559874
Cockatoo_education_Magdalena,Cockatoo,Education,9111.0,1958.0,,176544.7917,88272.39585,9.688551843924927
Cockatoo_lodging_Alicia,Cockatoo,Lodging/residential,39538.0,1953.0,,387971.7001,193985.85005,4.906314180029339
Cockatoo_lodging_Jim,Cockatoo,Lodging/residential,65999.0,1975.0,,821287.5834,410643.7917,6.221969904089456
Cockatoo_lodging_Jarrod,Cockatoo,Lodging/residential,65663.0,1975.0,,952786.025,476393.0125,7.255121034677063
Cockatoo_lodging_Carmen,Cockatoo,Lodging/residential,40492.0,1975.0,,284138.4,142069.2,3.508574533241134
Cockatoo_lodging_Eric,Cockatoo,Lodging/residential,41236.0,1975.0,,309726.1835,154863.09175,3.7555313742846055
Cockatoo_lodging_Olga,Cockatoo,Lodging/residential,40451.0,1975.0,,1111692.2833,555846.14165,13.741221271414798
Cockatoo_lodging_Linwood,Cockatoo,Lodging/residential,41302.0,1975.0,,289926.1167,144963.05835,3.5098314452084645
Cockatoo_lodging_Johnathan,Cockatoo,Lodging/residential,40629.0,1975.0,,144852.5584,72426.2792,1.7826251987496617
Cockatoo_assembly_Ed,Cockatoo,Entertainment/public assembly,95079.0,1975.0,,2571697.9168,1285848.9584,13.524005915081142
Cockatoo_education_Shawn,Cockatoo,Education,47934.0,,,1950789.4583,975394.72915,20.348702990570366
Cockatoo_lodging_Judi,Cockatoo,Lodging/residential,19876.0,1932.0,,243230.0916,121615.0458,6.118688156570739
Cockatoo_lodging_Mandy,Cockatoo,Lodging/residential,18277.0,1965.0,,197549.9412,98774.9706,5.404331706516387
Cockatoo_lodging_Tesha,Cockatoo,Lodging/residential,24103.0,1964.0,,343325.5414,171662.7707,7.122049981330124
Cockatoo_education_Oliver,Cockatoo,Education,180625.0,1933.0,,2712466.7833,1356233.39165,7.508558569688581
Cockatoo_education_Amira,Cockatoo,Education,28432.0,1933.0,,753603.8918,376801.9459,13.252741484946538
Cockatoo_education_Julia,Cockatoo,Education,40461.0,2002.0,,529099.8668,264549.9334,6.53839335162255
Cockatoo_office_Ada,Cockatoo,Office,53303.0,1981.0,,5950213.1166,2975106.5583,55.814992745248865
Cockatoo_public_Shad,Cockatoo,Public services,111360.0,2000.0,,2091051.0499,1045525.52495,9.388699038703304
Cockatoo_education_Sheryl,Cockatoo,Education,160673.0,1968.0,,7598645.9253,3799322.96265,23.64630624093656
Cockatoo_education_Claudine,Cockatoo,Education,28084.0,1913.0,,624288.3,312144.15,11.114661373023786
Cockatoo_education_Deloris,Cockatoo,Education,33148.0,1967.0,,1216571.1749,608285.58745,18.350596942500303
Cockatoo_education_Joel,Cockatoo,Education,9552.0,1961.0,,97923.2667,48961.63335,5.125799136306532
Cockatoo_industrial_Sarita,Cockatoo,Manufacturing/industrial,11302.0,1937.0,,241792.5666,120896.2833,10.696892877366837
Cockatoo_education_Joeann,Cockatoo,Education,111518.0,1968.0,,6315554.3584,3157777.1792,28.31630032102441
Cockatoo_education_Marva,Cockatoo,Education,108971.0,1990.0,,2546741.4332,1273370.7166,11.685409114351524
Cockatoo_education_Collin,Cockatoo,Education,56497.0,1957.0,,3323384.3916,1661692.1958,29.412043042993435
Cockatoo_lodging_Elvia,Cockatoo,Lodging/residential,150294.0,1987.0,,4147016.4081,2073508.20405,13.796347186514431
Cockatoo_education_Gussie,Cockatoo,Education,30143.0,1951.0,,4854431.2835,2427215.64175,80.5233600421325
Cockatoo_public_Chiquita,Cockatoo,Public services,99541.0,1993.0,,1422225.0166,711112.5083,7.143915655860399
Cockatoo_education_Arlen,Cockatoo,Education,40311.0,1913.0,,1352538.3167,676269.15835,16.776293278509588
Cockatoo_assembly_Evelyn,Cockatoo,Entertainment/public assembly,19619.0,1914.0,,114936.1917,57468.09585,2.9292061700392478
Cockatoo_education_Victoria,Cockatoo,Education,4298.0,,,76485.0166,38242.5083,8.897745067473243
Cockatoo_lodging_Jimmie,Cockatoo,Lodging/residential,29775.0,2001.0,,2793579.0084,1396789.5042,46.91148628715366
Mouse_health_Modesto,Mouse,Healthcare,193675.0,1994.0,,8459487.6349,4229743.81745,21.839389789337808
Mouse_health_Justin,Mouse,Healthcare,190898.0,2012.0,,12432553.2861,6216276.64305,32.56334085768316
Mouse_health_Estela,Mouse,Healthcare,185064.0,1936.0,,6111093.4919,3055546.74595,16.51075706755501
Mouse_health_Ileana,Mouse,Healthcare,58114.0,1954.0,,685323.4901,342661.74505,5.8963717013112165
Mouse_lodging_Vicente,Mouse,Lodging/residential,37555.0,2006.0,,727155.0151,363577.50755,9.681201106377312
